,ST,ET,sidx,eidx,bB,bBS,bA,bAS,O,H,L,C,V,OF,eB,eBS,eA,eAS
2016-11-30 08:00:00,08:00:00,08:00:59,33225,33428,2203.25,26,2203.5,63,2203.25,2203.75,2203.25,2203.75,129,29,2203.5,16,2203.75,58
2016-11-30 08:01:00,08:01:03,08:01:57,33436,33484,2203.5,19,2203.75,58,2203.75,2203.75,2203.5,2203.5,11,-9,2203.5,26,2203.75,65
2016-11-30 08:02:00,08:02:05,08:02:31,33486,33543,2203.5,26,2203.75,66,2203.75,2203.75,2203.75,2203.75,17,17,2203.5,22,2203.75,63
2016-11-30 08:03:00,08:03:00,08:03:54,33563,33825,2203.5,44,2203.75,62,2203.75,2204.25,2203.75,2204.0,438,390,2204.0,66,2204.25,51
2016-11-30 08:04:00,08:04:00,08:04:54,33829,34277,2204.0,67,2204.25,51,2204.0,2204.25,2204.0,2204.25,205,-63,2204.0,59,2204.25,13
2016-11-30 08:05:00,08:05:21,08:05:51,34300,34324,2204.0,65,2204.25,37,2204.25,2204.25,2204.0,2204.25,4,0,2204.0,77,2204.25,25
2016-11-30 08:06:00,08:06:00,08:06:58,34330,34464,2204.0,77,2204.25,23,2204.25,2204.25,2204.25,2204.25,78,78,2204.0,74,2204.25,36
2016-11-30 08:07:00,08:07:03,08:07:59,34475,34656,2204.0,72,2204.25,49,2204.25,2204.25,2204.0,2204.0,100,-52,2203.75,97,2204.0,2
2016-11-30 08:08:00,08:08:00,08:08:17,34685,34788,2203.75,91,2204.25,67,2203.75,2203.75,2203.75,2203.75,6,-6,2203.75,57,2204.0,54
2016-11-30 08:09:00,08:09:02,08:09:58,34887,34993,2203.75,73,2204.0,50,2204.0,2204.0,2203.75,2204.0,42,-28,2203.75,19,2204.0,81
2016-11-30 08:10:00,08:10:05,08:10:55,35032,35323,2203.75,39,2204.0,71,2203.75,2204.0,2203.75,2203.75,58,-14,2203.75,2,2204.0,102
2016-11-30 08:11:00,08:11:00,08:11:00,0,0,0.0,0,0.0,0,2203.75,2203.75,2203.75,2203.75,0,0,0.0,0,0.0,0
2016-11-30 08:12:00,08:12:04,08:12:59,35380,35595,2203.75,22,2204.0,95,2203.75,2204.0,2203.75,2204.0,43,-23,2203.75,6,2204.0,100
2016-11-30 08:13:00,08:13:00,08:13:39,35599,35760,2203.75,6,2204.0,101,2203.75,2203.75,2203.5,2203.5,34,2,2203.5,79,2203.75,47
2016-11-30 08:14:00,08:14:00,08:14:59,35810,36026,2203.5,73,2203.75,58,2203.5,2203.5,2203.0,2203.0,246,-208,2203.0,189,2203.25,78
2016-11-30 08:15:00,08:15:03,08:15:59,36081,36434,2203.0,189,2203.25,79,2203.25,2203.5,2203.0,2203.5,150,88,2203.25,44,2203.5,71
2016-11-30 08:16:00,08:16:00,08:16:16,36439,36477,2203.25,46,2203.5,65,2203.5,2203.5,2203.25,2203.5,8,6,2203.25,73,2203.5,35
2016-11-30 08:17:00,08:17:00,08:17:51,36537,36589,2203.25,75,2203.5,49,2203.25,2203.5,2203.25,2203.5,7,1,2203.25,76,2203.5,63
2016-11-30 08:18:00,08:18:36,08:18:58,36605,36621,2203.25,74,2203.5,64,2203.25,2203.5,2203.25,2203.5,11,-9,2203.25,82,2203.5,64
2016-11-30 08:19:00,08:19:14,08:19:58,36629,36663,2203.25,85,2203.5,64,2203.25,2203.5,2203.25,2203.5,10,0,2203.25,93,2203.5,70
2016-11-30 08:20:00,08:20:07,08:20:49,36669,36741,2203.25,93,2203.5,67,2203.5,2203.5,2203.25,2203.5,48,-32,2203.25,96,2203.5,56
2016-11-30 08:21:00,08:21:33,08:21:55,36752,36782,2203.25,121,2203.5,68,2203.5,2203.5,2203.5,2203.5,4,4,2203.25,138,2203.5,43
2016-11-30 08:22:00,08:22:08,08:22:58,36798,37131,2203.25,142,2203.5,31,2203.5,2203.5,2203.0,2203.5,244,-104,2203.25,109,2203.5,1
2016-11-30 08:23:00,08:23:05,08:23:35,37162,37269,2203.25,102,2203.5,9,2203.5,2203.5,2203.5,2203.5,17,-3,2203.5,25,2203.75,66
2016-11-30 08:24:00,08:24:25,08:24:30,37304,37310,2203.5,24,2203.75,68,2203.75,2203.75,2203.75,2203.75,12,12,2203.5,27,2203.75,58
2016-11-30 08:25:00,08:25:37,08:25:47,37362,37384,2203.5,26,2203.75,73,2203.75,2203.75,2203.75,2203.75,5,5,2203.5,42,2203.75,59
2016-11-30 08:26:00,08:26:02,08:26:34,37402,37541,2203.5,30,2203.75,68,2203.5,2203.75,2203.25,2203.25,31,-17,2203.25,105,2203.5,40
2016-11-30 08:27:00,08:27:05,08:27:18,37577,37625,2203.25,100,2203.5,34,2203.5,2203.5,2203.5,2203.5,39,37,2203.5,39,2203.75,62
2016-11-30 08:28:00,08:28:30,08:28:55,37673,37686,2203.5,54,2203.75,52,2203.75,2203.75,2203.5,2203.75,3,1,2203.5,59,2203.75,50
2016-11-30 08:29:00,08:29:00,08:29:59,37694,38025,2203.5,56,2203.75,58,2203.75,2204.0,2203.75,2203.75,183,105,2203.5,71,2203.75,1
2016-11-30 08:30:00,08:30:09,08:30:19,38065,38116,2203.5,58,2203.75,31,2203.75,2203.75,2203.5,2203.75,10,8,2203.5,73,2203.75,1
2016-11-30 08:31:00,08:31:04,08:31:47,38173,38215,2203.5,82,2203.75,3,2203.75,2203.75,2203.75,2203.75,5,5,2203.75,11,2204.0,102
2016-11-30 08:32:00,08:32:01,08:32:40,38250,38308,2203.75,56,2204.0,100,2203.75,2203.75,2203.5,2203.5,56,-54,2203.5,63,2203.75,20
2016-11-30 08:33:00,08:33:09,08:33:49,38353,38367,2203.5,66,2203.75,42,2203.75,2203.75,2203.5,2203.5,5,-3,2203.5,52,2203.75,50
2016-11-30 08:34:00,08:34:00,08:34:00,0,0,0.0,0,0.0,0,2203.5,2203.5,2203.5,2203.5,0,0,0.0,0,0.0,0
2016-11-30 08:35:00,08:35:11,08:35:19,38408,38415,2203.5,62,2203.75,36,2203.75,2203.75,2203.75,2203.75,3,3,2203.5,70,2203.75,35
2016-11-30 08:36:00,08:36:20,08:36:56,38480,38593,2203.5,80,2203.75,40,2203.75,2203.75,2203.5,2203.75,35,21,2203.75,8,2204.0,85
2016-11-30 08:37:00,08:37:03,08:37:14,38597,38675,2203.75,8,2204.0,83,2203.75,2203.75,2203.5,2203.75,109,-107,2203.5,30,2203.75,56
2016-11-30 08:38:00,08:38:45,08:38:56,38715,38730,2203.5,54,2203.75,51,2203.5,2203.75,2203.5,2203.75,10,-8,2203.5,50,2203.75,50
2016-11-30 08:39:00,08:39:49,08:39:49,38773,38788,2203.5,65,2203.75,36,2203.5,2203.5,2203.5,2203.5,11,-11,2203.5,50,2203.75,64
2016-11-30 08:40:00,08:40:01,08:40:39,38811,38845,2203.5,45,2203.75,66,2203.5,2203.5,2203.5,2203.5,25,-25,2203.5,27,2203.75,70
2016-11-30 08:41:00,08:41:14,08:41:57,38851,38974,2203.5,21,2203.75,68,2203.5,2203.5,2203.5,2203.5,31,-31,2203.5,26,2203.75,76
2016-11-30 08:42:00,08:42:04,08:42:56,38987,39087,2203.5,24,2203.75,76,2203.75,2203.75,2203.5,2203.75,105,75,2203.5,74,2203.75,4
2016-11-30 08:43:00,08:43:00,08:43:00,0,0,0.0,0,0.0,0,2203.75,2203.75,2203.75,2203.75,0,0,0.0,0,0.0,0
2016-11-30 08:44:00,08:44:08,08:44:55,39141,39191,2203.5,60,2203.75,35,2203.75,2203.75,2203.5,2203.5,7,3,2203.5,67,2203.75,57
2016-11-30 08:45:00,08:45:20,08:45:27,39210,39228,2203.5,69,2203.75,61,2203.5,2203.75,2203.5,2203.5,9,-7,2203.5,61,2203.75,63
2016-11-30 08:46:00,08:46:13,08:46:21,39234,39258,2203.5,61,2203.75,64,2203.5,2203.5,2203.5,2203.5,22,-22,2203.5,22,2203.75,70
2016-11-30 08:47:00,08:47:20,08:47:57,39294,39345,2203.5,53,2203.75,62,2203.5,2203.5,2203.5,2203.5,25,-25,2203.5,45,2203.75,72
2016-11-30 08:48:00,08:48:08,08:48:58,39352,39662,2203.5,43,2203.75,71,2203.5,2203.75,2203.5,2203.5,152,66,2203.5,65,2203.75,10
2016-11-30 08:49:00,08:49:45,08:49:45,39733,39746,2203.5,66,2203.75,26,2203.75,2203.75,2203.5,2203.5,3,-1,2203.5,73,2203.75,11
2016-11-30 08:50:00,08:50:12,08:50:41,39806,39950,2203.5,64,2203.75,49,2203.5,2203.5,2203.25,2203.25,90,-40,2203.25,123,2203.5,22
2016-11-30 08:51:00,08:51:38,08:51:38,40011,40011,2203.25,110,2203.5,35,2203.25,2203.25,2203.25,2203.25,1,-1,2203.25,109,2203.5,37
2016-11-30 08:52:00,08:52:22,08:52:39,40044,40058,2203.25,100,2203.5,47,2203.5,2203.5,2203.25,2203.25,3,1,2203.25,100,2203.5,40
2016-11-30 08:53:00,08:53:18,08:53:50,40081,40099,2203.25,99,2203.5,46,2203.25,2203.25,2203.25,2203.25,3,-3,2203.25,100,2203.5,52
2016-11-30 08:54:00,08:54:00,08:54:42,40114,40159,2203.25,100,2203.5,45,2203.25,2203.5,2203.25,2203.5,5,-3,2203.25,98,2203.5,33
2016-11-30 08:55:00,08:55:03,08:55:58,40173,40194,2203.25,97,2203.5,33,2203.5,2203.5,2203.25,2203.5,20,16,2203.25,95,2203.5,20
2016-11-30 08:56:00,08:56:04,08:56:56,40201,40240,2203.25,96,2203.5,27,2203.5,2203.5,2203.25,2203.25,14,12,2203.25,101,2203.5,23
2016-11-30 08:57:00,08:57:16,08:57:51,40278,40326,2203.25,92,2203.5,56,2203.5,2203.5,2203.25,2203.5,23,21,2203.25,77,2203.5,64
2016-11-30 08:58:00,08:58:03,08:58:38,40338,40381,2203.25,79,2203.5,56,2203.5,2203.5,2203.25,2203.25,11,-9,2203.25,73,2203.5,51
2016-11-30 08:59:00,08:59:06,08:59:22,40408,40444,2203.25,92,2203.5,30,2203.5,2203.5,2203.25,2203.25,2,0,2203.25,87,2203.5,37
2016-11-30 09:00:00,09:00:00,09:00:43,40474,40768,2203.25,99,2203.5,29,2203.25,2203.5,2203.0,2203.25,166,-28,2203.25,10,2203.5,75
2016-11-30 09:01:00,09:01:03,09:01:58,40905,41027,2203.25,74,2203.5,37,2203.25,2203.5,2203.25,2203.25,40,-38,2203.25,41,2203.5,76
2016-11-30 09:02:00,09:02:01,09:02:59,41034,41252,2203.25,38,2203.5,77,2203.25,2203.25,2203.0,2203.0,110,-38,2203.0,188,2203.25,59
2016-11-30 09:03:00,09:03:00,09:03:51,41256,41612,2203.0,181,2203.25,59,2203.0,2203.25,2202.75,2203.0,279,-97,2203.0,111,2203.25,67
2016-11-30 09:04:00,09:04:08,09:04:59,41646,41730,2203.0,130,2203.25,70,2203.0,2203.0,2203.0,2203.0,35,-35,2203.0,92,2203.25,86
2016-11-30 09:05:00,09:05:04,09:05:58,41735,41994,2203.0,112,2203.25,86,2203.0,2203.0,2202.75,2202.75,199,-39,2202.75,124,2203.0,29
2016-11-30 09:06:00,09:06:03,09:06:55,42003,42259,2202.75,131,2203.0,47,2203.0,2203.25,2202.75,2203.25,100,28,2203.0,142,2203.25,68
2016-11-30 09:07:00,09:07:06,09:07:35,42272,42386,2203.0,148,2203.25,54,2203.25,2203.25,2203.0,2203.25,107,-1,2203.25,4,2203.5,98
2016-11-30 09:08:00,09:08:05,09:08:53,42465,42589,2203.25,14,2203.5,103,2203.25,2203.25,2203.0,2203.25,46,-6,2203.25,1,2203.25,1
2016-11-30 09:09:00,09:09:00,09:09:58,42617,42785,2203.25,5,2203.5,94,2203.25,2203.5,2203.0,2203.25,57,-25,2203.25,5,2203.5,110
2016-11-30 09:10:00,09:10:15,09:10:59,42817,42879,2203.25,17,2203.5,109,2203.25,2203.5,2203.25,2203.25,14,-10,2203.25,26,2203.5,101
2016-11-30 09:11:00,09:11:17,09:11:55,42887,42966,2203.25,17,2203.5,101,2203.25,2203.25,2203.25,2203.25,13,-13,2203.25,43,2203.5,79
2016-11-30 09:12:00,09:12:21,09:12:44,43003,43128,2203.25,69,2203.5,66,2203.25,2203.5,2203.25,2203.25,50,40,2203.25,85,2203.5,24
2016-11-30 09:13:00,09:13:09,09:13:53,43160,43252,2203.25,50,2203.5,58,2203.25,2203.25,2203.25,2203.25,28,-18,2203.0,115,2203.25,33
2016-11-30 09:14:00,09:14:03,09:14:43,43263,43309,2203.0,113,2203.25,20,2203.25,2203.25,2203.0,2203.0,8,-6,2203.0,80,2203.25,63
2016-11-30 09:15:00,09:15:00,09:15:52,43359,43881,2203.0,90,2203.25,39,2203.0,2203.75,2203.0,2203.5,81,37,2203.5,80,2203.75,38
2016-11-30 09:16:00,09:16:00,09:16:37,43913,44242,2203.5,66,2203.75,78,2203.75,2203.75,2203.5,2203.75,74,14,2203.5,72,2203.75,5
2016-11-30 09:17:00,09:17:01,09:17:48,44305,44510,2203.5,60,2203.75,37,2203.75,2203.75,2203.5,2203.75,82,60,2203.5,69,2204.0,106
2016-11-30 09:18:00,09:18:01,09:18:40,44548,44752,2203.75,43,2204.0,98,2203.75,2204.0,2203.75,2204.0,31,-11,2203.75,49,2204.0,82
2016-11-30 09:19:00,09:19:01,09:19:47,44762,44832,2203.75,43,2204.0,88,2204.0,2204.0,2203.75,2203.75,16,-6,2203.75,70,2204.0,74
2016-11-30 09:20:00,09:20:21,09:20:59,44874,44961,2203.75,73,2204.0,70,2204.0,2204.0,2203.75,2203.75,33,23,2203.75,74,2204.0,58
2016-11-30 09:21:00,09:21:02,09:21:55,44991,45233,2203.75,87,2204.0,28,2204.0,2204.0,2203.5,2203.75,75,-43,2203.5,75,2203.75,39
2016-11-30 09:22:00,09:22:00,09:22:49,45238,45470,2203.5,76,2203.75,40,2203.5,2203.75,2203.5,2203.5,86,-8,2203.5,43,2203.75,63
2016-11-30 09:23:00,09:23:10,09:23:32,45503,45583,2203.5,50,2203.75,48,2203.75,2203.75,2203.5,2203.5,17,9,2203.5,65,2203.75,29
2016-11-30 09:24:00,09:24:07,09:24:39,45606,45737,2203.5,45,2203.75,62,2203.5,2203.75,2203.5,2203.75,49,35,2203.75,15,2204.0,101
2016-11-30 09:25:00,09:25:00,09:25:59,45754,45869,2203.75,32,2204.0,94,2204.0,2204.0,2203.75,2204.0,46,2,2203.75,11,2204.0,78
2016-11-30 09:26:00,09:26:00,09:26:50,45879,45995,2203.75,28,2204.0,78,2203.75,2204.0,2203.75,2203.75,28,-2,2203.75,55,2204.0,70
2016-11-30 09:27:00,09:27:01,09:27:38,45999,46073,2203.75,55,2204.0,71,2204.0,2204.0,2203.75,2203.75,25,9,2203.75,64,2204.0,46
2016-11-30 09:28:00,09:28:00,09:28:53,46102,46260,2203.75,67,2204.0,36,2203.75,2204.0,2203.75,2204.0,63,47,2203.75,64,2204.0,7
2016-11-30 09:29:00,09:29:11,09:29:57,46281,46331,2203.75,64,2204.0,31,2204.0,2204.0,2203.75,2203.75,17,-5,2203.75,57,2204.0,30
2016-11-30 09:30:00,09:30:00,09:30:47,46347,46932,2203.75,53,2204.0,53,2204.0,2204.0,2203.5,2203.5,127,-23,2203.5,59,2203.75,56
2016-11-30 09:31:00,09:31:01,09:31:53,46964,47392,2203.5,12,2203.75,92,2203.5,2203.5,2203.25,2203.25,113,-7,2203.25,52,2203.5,69
2016-11-30 09:32:00,09:32:09,09:32:59,47400,47745,2203.25,49,2203.5,69,2203.25,2203.5,2203.0,2203.25,120,-28,2203.25,57,2203.5,46
2016-11-30 09:33:00,09:33:04,09:33:59,47784,48128,2203.25,59,2203.5,41,2203.25,2203.5,2203.0,2203.25,82,-12,2203.0,105,2203.25,12
2016-11-30 09:34:00,09:34:12,09:34:59,48210,48423,2203.0,90,2203.25,24,2203.0,2203.5,2203.0,2203.25,46,34,2203.25,55,2203.5,56
2016-11-30 09:35:00,09:35:01,09:35:54,48441,48636,2203.25,28,2203.5,62,2203.25,2203.5,2203.25,2203.5,33,-7,2203.5,7,2203.75,82
2016-11-30 09:36:00,09:36:06,09:36:54,48729,48973,2203.5,83,2203.75,15,2203.75,2203.75,2203.5,2203.5,43,9,2203.5,70,2203.75,34
2016-11-30 09:37:00,09:37:02,09:37:56,49032,49260,2203.5,81,2203.75,17,2203.75,2204.0,2203.5,2204.0,32,18,2203.75,7,2204.0,79
2016-11-30 09:38:00,09:38:03,09:38:44,49272,49397,2203.75,6,2204.0,82,2203.75,2204.0,2203.75,2204.0,22,0,2203.75,27,2204.0,80
2016-11-30 09:39:00,09:39:01,09:39:56,49442,49792,2203.75,76,2204.0,32,2204.0,2204.25,2204.0,2204.0,98,62,2204.0,106,2204.25,56
2016-11-30 09:40:00,09:40:02,09:40:51,49810,50386,2204.0,114,2204.25,60,2204.25,2204.75,2204.0,2204.0,394,90,2204.0,86,2204.25,78
2016-11-30 09:41:00,09:41:02,09:41:59,50431,50597,2204.0,73,2204.25,79,2204.25,2204.25,2204.0,2204.0,21,3,2204.0,33,2204.25,85
2016-11-30 09:42:00,09:42:06,09:42:49,50618,50700,2204.0,59,2204.25,74,2204.25,2204.25,2204.0,2204.0,15,-5,2204.0,24,2204.25,87
2016-11-30 09:43:00,09:43:09,09:43:59,50709,51082,2204.0,31,2204.25,86,2204.0,2204.25,2203.75,2204.0,122,-24,2203.75,111,2204.0,1
2016-11-30 09:44:00,09:44:11,09:44:52,51168,51321,2203.75,97,2204.0,38,2204.0,2204.0,2203.75,2204.0,45,13,2203.75,96,2204.0,19
2016-11-30 09:45:00,09:45:01,09:45:47,51360,51535,2203.75,68,2204.0,41,2204.0,2204.0,2203.5,2203.5,24,-18,2203.5,69,2203.75,70
2016-11-30 09:46:00,09:46:03,09:46:54,51579,51799,2203.5,39,2203.75,82,2203.5,2203.5,2203.5,2203.5,101,-17,2203.5,11,2203.75,68
2016-11-30 09:47:00,09:47:07,09:47:41,51812,52047,2203.5,14,2203.75,68,2203.5,2203.75,2203.25,2203.75,42,22,2203.5,12,2203.75,81
2016-11-30 09:48:00,09:48:00,09:48:00,0,0,0.0,0,0.0,0,2203.75,2203.75,2203.75,2203.75,0,0,0.0,0,0.0,0
2016-11-30 09:49:00,09:49:22,09:49:59,52102,52314,2203.5,30,2203.75,72,2203.5,2203.5,2203.5,2203.5,40,-4,2203.5,1,2203.75,72
2016-11-30 09:50:00,09:50:08,09:50:24,52320,52403,2203.5,8,2203.75,72,2203.5,2203.5,2203.25,2203.25,8,-6,2203.25,65,2203.5,58
2016-11-30 09:51:00,09:51:33,09:51:56,52450,52522,2203.25,83,2203.5,60,2203.25,2203.5,2203.25,2203.25,9,-7,2203.25,90,2203.5,23
2016-11-30 09:52:00,09:52:00,09:52:51,52529,52626,2203.25,89,2203.5,32,2203.25,2203.5,2203.25,2203.5,16,14,2203.25,57,2203.5,69
2016-11-30 09:53:00,09:53:07,09:53:58,52634,52836,2203.25,54,2203.5,68,2203.25,2203.25,2203.0,2203.25,81,-75,2203.0,46,2203.25,101
2016-11-30 09:54:00,09:54:16,09:54:52,52860,53109,2203.0,47,2203.25,94,2203.25,2203.25,2203.25,2203.25,58,24,2203.0,121,2203.25,1
2016-11-30 09:55:00,09:55:05,09:55:48,53159,53242,2203.0,98,2203.25,15,2203.25,2203.25,2203.0,2203.25,25,23,2203.0,74,2203.25,57
2016-11-30 09:56:00,09:56:08,09:56:56,53324,53509,2203.0,94,2203.25,27,2203.0,2203.25,2203.0,2203.0,73,67,2203.0,93,2203.25,44
2016-11-30 09:57:00,09:57:12,09:57:59,53558,53763,2203.0,106,2203.25,4,2203.25,2203.25,2203.25,2203.25,63,19,2203.25,31,2203.5,69
2016-11-30 09:58:00,09:58:12,09:58:57,53780,53837,2203.25,36,2203.5,75,2203.25,2203.25,2203.25,2203.25,3,-3,2203.25,59,2203.5,47
2016-11-30 09:59:00,09:59:08,09:59:59,53854,53967,2203.25,64,2203.5,30,2203.25,2203.75,2203.25,2203.75,29,11,2203.5,5,2203.75,94
2016-11-30 10:00:00,10:00:00,10:00:57,53982,54183,2203.25,77,2203.75,90,2203.75,2203.75,2203.25,2203.5,41,-7,2203.5,1,2203.75,81
2016-11-30 10:01:00,10:01:01,10:01:25,54200,54317,2203.5,5,2203.75,82,2203.5,2203.5,2203.5,2203.5,27,17,2203.25,110,2203.5,6
2016-11-30 10:02:00,10:02:33,10:02:56,54469,54520,2203.25,109,2203.5,12,2203.5,2203.5,2203.5,2203.5,20,16,2203.5,1,2203.75,94
2016-11-30 10:03:00,10:03:19,10:03:26,54560,54602,2203.5,23,2203.75,86,2203.5,2203.5,2203.5,2203.5,26,-8,2203.5,5,2203.75,88
2016-11-30 10:04:00,10:04:24,10:04:56,54625,54790,2203.5,22,2203.75,93,2203.5,2203.5,2203.25,2203.5,46,-10,2203.25,175,2203.5,1
2016-11-30 10:05:00,10:05:12,10:05:52,54905,54938,2203.25,163,2203.5,27,2203.25,2203.25,2203.25,2203.25,3,-3,2203.25,154,2203.5,38
2016-11-30 10:06:00,10:06:23,10:06:39,54966,55077,2203.25,165,2203.5,19,2203.5,2203.5,2203.5,2203.5,35,7,2203.25,184,2203.75,84
2016-11-30 10:07:00,10:07:00,10:07:00,0,0,0.0,0,0.0,0,2203.5,2203.5,2203.5,2203.5,0,0,0.0,0,0.0,0
2016-11-30 10:08:00,10:08:00,10:08:00,0,0,0.0,0,0.0,0,2203.5,2203.5,2203.5,2203.5,0,0,0.0,0,0.0,0
2016-11-30 10:09:00,10:09:51,10:09:59,55185,55192,2203.5,62,2203.75,69,2203.75,2203.75,2203.5,2203.5,6,-2,2203.5,60,2203.75,67
2016-11-30 10:10:00,10:10:07,10:10:07,55197,55197,2203.5,59,2203.75,68,2203.75,2203.75,2203.75,2203.75,1,1,2203.5,61,2203.75,67
2016-11-30 10:11:00,10:11:15,10:11:59,55215,55250,2203.5,67,2203.75,69,2203.75,2203.75,2203.5,2203.75,15,13,2203.5,103,2203.75,46
2016-11-30 10:12:00,10:12:03,10:12:57,55256,55412,2203.5,103,2203.75,49,2203.75,2203.75,2203.5,2203.75,65,51,2203.5,191,2204.0,109
2016-11-30 10:13:00,10:13:03,10:13:56,55431,55598,2203.5,192,2203.75,4,2203.75,2204.0,2203.5,2204.0,36,8,2203.75,65,2204.0,103
2016-11-30 10:14:00,10:14:18,10:14:57,55627,55717,2203.75,36,2204.0,110,2204.0,2204.0,2204.0,2204.0,115,87,2203.75,122,2204.25,115
2016-11-30 10:15:00,10:15:02,10:15:59,55757,55884,2203.75,126,2204.25,114,2204.25,2204.25,2204.0,2204.0,45,-27,2203.75,151,2204.0,1
2016-11-30 10:16:00,10:16:00,10:16:57,55889,56011,2203.75,144,2204.0,1,2204.0,2204.0,2204.0,2204.0,16,10,2203.75,118,2204.25,134
2016-11-30 10:17:00,10:17:00,10:17:50,56029,56109,2204.0,1,2204.25,128,2204.0,2204.0,2204.0,2204.0,39,-25,2203.75,129,2204.25,114
2016-11-30 10:18:00,10:18:13,10:18:52,56144,56262,2204.0,16,2204.25,108,2204.0,2204.25,2204.0,2204.0,16,-2,2203.75,125,2204.25,122
2016-11-30 10:19:00,10:19:03,10:19:42,56283,56389,2203.75,121,2204.0,1,2204.0,2204.25,2204.0,2204.0,12,2,2203.75,140,2204.25,132
2016-11-30 10:20:00,10:20:00,10:20:00,0,0,0.0,0,0.0,0,2204.0,2204.0,2204.0,2204.0,0,0,0.0,0,0.0,0
2016-11-30 10:21:00,10:21:21,10:21:58,56482,56620,2203.75,113,2204.0,43,2204.0,2204.25,2204.0,2204.0,43,19,2204.0,10,2204.25,139
2016-11-30 10:22:00,10:22:01,10:22:51,56625,56688,2204.0,2,2204.25,138,2204.0,2204.25,2204.0,2204.0,16,-2,2204.0,89,2204.25,143
2016-11-30 10:23:00,10:23:05,10:23:56,56695,56769,2204.0,90,2204.25,137,2204.0,2204.25,2204.0,2204.0,94,-86,2203.75,64,2204.0,60
2016-11-30 10:24:00,10:24:06,10:24:41,56774,56849,2203.75,65,2204.0,61,2203.75,2204.0,2203.75,2204.0,32,30,2203.75,76,2204.0,37
2016-11-30 10:25:00,10:25:01,10:25:56,56856,56917,2203.75,76,2204.0,39,2204.0,2204.25,2204.0,2204.25,79,69,2204.0,24,2204.25,165
2016-11-30 10:26:00,10:26:39,10:26:59,56977,57050,2204.0,57,2204.25,140,2204.0,2204.25,2204.0,2204.25,93,-33,2204.0,13,2204.25,135
2016-11-30 10:27:00,10:27:00,10:27:00,0,0,0.0,0,0.0,0,2204.25,2204.25,2204.25,2204.25,0,0,0.0,0,0.0,0
2016-11-30 10:28:00,10:28:29,10:28:42,57109,57133,2204.0,30,2204.25,140,2204.25,2204.25,2204.0,2204.0,32,-24,2203.75,89,2204.0,1
2016-11-30 10:29:00,10:29:01,10:29:59,57216,57384,2203.75,92,2204.0,8,2203.75,2204.0,2203.75,2203.75,31,7,2203.75,69,2204.0,42
2016-11-30 10:30:00,10:30:00,10:30:38,57386,57422,2203.75,69,2204.0,50,2204.0,2204.0,2204.0,2204.0,12,12,2203.75,60,2204.0,59
2016-11-30 10:31:00,10:31:00,10:31:00,0,0,0.0,0,0.0,0,2204.0,2204.0,2204.0,2204.0,0,0,0.0,0,0.0,0
2016-11-30 10:32:00,10:32:07,10:32:47,57451,57462,2203.75,66,2204.0,56,2204.0,2204.0,2204.0,2204.0,6,6,2203.75,67,2204.0,51
2016-11-30 10:33:00,10:33:18,10:33:27,57469,57471,2203.75,66,2204.0,56,2203.75,2203.75,2203.75,2203.75,2,-2,2203.75,64,2204.0,55
2016-11-30 10:34:00,10:34:19,10:34:38,57481,57511,2203.75,63,2204.0,57,2203.75,2204.25,2203.75,2204.25,62,58,2204.0,68,2204.25,145
2016-11-30 10:35:00,10:35:03,10:35:54,57559,57590,2204.0,66,2204.25,147,2204.25,2204.25,2204.0,2204.25,30,-24,2204.0,53,2204.25,138
2016-11-30 10:36:00,10:36:39,10:36:39,57617,57617,2204.0,48,2204.25,142,2204.25,2204.25,2204.25,2204.25,1,1,2204.0,56,2204.25,141
2016-11-30 10:37:00,10:37:33,10:37:41,57644,57741,2204.0,47,2204.25,140,2204.0,2204.25,2204.0,2204.25,58,-42,2204.0,19,2204.25,153
2016-11-30 10:38:00,10:38:17,10:38:36,57759,57772,2204.0,40,2204.25,144,2204.25,2204.25,2204.0,2204.25,4,0,2204.0,36,2204.25,142
2016-11-30 10:39:00,10:39:07,10:39:17,57788,57817,2204.0,35,2204.25,144,2204.0,2204.25,2204.0,2204.25,4,2,2204.0,40,2204.25,141
2016-11-30 10:40:00,10:40:00,10:40:38,57827,57981,2204.0,40,2204.25,140,2204.25,2204.25,2204.0,2204.0,40,-16,2204.0,13,2204.25,148
2016-11-30 10:41:00,10:41:00,10:41:20,58005,58086,2204.0,28,2204.25,140,2204.0,2204.0,2203.75,2204.0,19,-5,2204.0,1,2204.25,159
2016-11-30 10:42:00,10:42:03,10:42:46,58131,58281,2203.75,76,2204.0,21,2204.0,2204.25,2203.75,2203.75,30,16,2203.75,72,2204.0,65
2016-11-30 10:43:00,10:43:09,10:43:58,58294,58504,2203.75,75,2204.0,52,2203.75,2204.0,2203.75,2203.75,162,-108,2203.75,18,2204.0,72
2016-11-30 10:44:00,10:44:07,10:44:44,58508,58614,2203.75,19,2204.0,72,2203.75,2203.75,2203.5,2203.5,92,-90,2203.5,150,2203.75,51
2016-11-30 10:45:00,10:45:03,10:45:49,58625,58672,2203.5,150,2203.75,59,2203.75,2203.75,2203.5,2203.75,15,9,2203.5,150,2203.75,46
2016-11-30 10:46:00,10:46:07,10:46:51,58675,58838,2203.5,149,2203.75,43,2203.75,2204.0,2203.75,2203.75,62,26,2203.75,4,2204.0,91
2016-11-30 10:47:00,10:47:00,10:47:54,58846,58939,2203.75,11,2204.0,89,2203.75,2203.75,2203.75,2203.75,27,-27,2203.75,28,2204.0,81
2016-11-30 10:48:00,10:48:30,10:48:42,58975,58989,2203.75,35,2204.0,78,2203.75,2203.75,2203.75,2203.75,2,-2,2203.75,17,2204.0,79
2016-11-30 10:49:00,10:49:32,10:49:44,59023,59100,2203.75,37,2204.0,80,2203.75,2203.75,2203.5,2203.75,42,-22,2203.75,5,2204.0,86
2016-11-30 10:50:00,10:50:00,10:50:48,59128,59278,2203.75,8,2204.0,85,2203.75,2203.75,2203.5,2203.75,35,-31,2203.5,150,2203.75,42
2016-11-30 10:51:00,10:51:14,10:51:47,59287,59364,2203.5,149,2203.75,35,2203.75,2203.75,2203.5,2203.5,56,24,2203.5,138,2203.75,31
2016-11-30 10:52:00,10:52:32,10:52:48,59370,59410,2203.5,140,2203.75,32,2203.5,2203.75,2203.5,2203.75,4,2,2203.5,28,2203.75,68
2016-11-30 10:53:00,10:53:05,10:53:38,59427,59658,2203.5,40,2203.75,65,2203.5,2203.75,2203.25,2203.25,83,-17,2203.25,85,2203.5,24
2016-11-30 10:54:00,10:54:18,10:54:59,59691,59896,2203.25,87,2203.5,40,2203.25,2203.5,2203.25,2203.25,49,19,2203.25,88,2203.5,17
2016-11-30 10:55:00,10:55:23,10:55:56,59906,59950,2203.25,89,2203.5,25,2203.25,2203.5,2203.25,2203.25,11,-9,2203.25,82,2203.5,37
2016-11-30 10:56:00,10:56:10,10:56:57,59958,60017,2203.25,86,2203.5,36,2203.25,2203.25,2203.25,2203.25,16,-16,2203.25,56,2203.5,64
2016-11-30 10:57:00,10:57:05,10:57:58,60035,60316,2203.25,43,2203.5,90,2203.25,2203.25,2203.0,2203.25,148,-50,2203.25,1,2203.5,83
2016-11-30 10:58:00,10:58:00,10:58:57,60344,60486,2203.25,3,2203.5,84,2203.25,2203.25,2203.25,2203.25,27,-9,2203.25,27,2203.5,83
2016-11-30 10:59:00,10:59:11,10:59:36,60499,60547,2203.25,27,2203.5,76,2203.5,2203.5,2203.25,2203.25,3,1,2203.25,24,2203.5,75
2016-11-30 11:00:00,11:00:04,11:00:57,60617,60736,2203.25,13,2203.5,79,2203.25,2203.25,2203.0,2203.0,31,-27,2203.0,239,2203.25,52
2016-11-30 11:01:00,11:01:16,11:01:32,60776,60886,2203.0,304,2203.25,70,2203.0,2203.25,2203.0,2203.25,73,31,2203.0,305,2203.25,15
2016-11-30 11:02:00,11:02:04,11:02:39,60935,61076,2203.0,318,2203.25,20,2203.25,2203.5,2203.25,2203.5,33,5,2203.25,57,2203.5,101
2016-11-30 11:03:00,11:03:17,11:03:58,61100,61211,2203.25,65,2203.5,95,2203.5,2203.5,2203.0,2203.25,96,-58,2203.0,303,2203.25,73
2016-11-30 11:04:00,11:04:00,11:04:58,61213,61383,2203.0,300,2203.25,73,2203.25,2203.25,2203.0,2203.25,123,7,2203.0,329,2203.25,1
2016-11-30 11:05:00,11:05:00,11:05:56,61408,61581,2203.0,313,2203.25,4,2203.25,2203.25,2203.25,2203.25,23,15,2203.0,308,2203.25,24
2016-11-30 11:06:00,11:06:01,11:06:58,61589,61748,2203.0,308,2203.25,34,2203.0,2203.25,2203.0,2203.0,77,7,2203.0,305,2203.25,7
2016-11-30 11:07:00,11:07:03,11:07:58,61752,61872,2203.0,305,2203.25,8,2203.0,2203.25,2203.0,2203.0,20,-16,2203.0,287,2203.25,63
2016-11-30 11:08:00,11:08:03,11:08:54,61881,61964,2203.0,284,2203.25,63,2203.0,2203.25,2203.0,2203.0,18,-14,2203.0,267,2203.25,89
2016-11-30 11:09:00,11:09:00,11:09:57,61973,62501,2203.0,267,2203.25,89,2203.0,2203.25,2202.75,2202.75,398,-202,2202.5,188,2202.75,14
2016-11-30 11:10:00,11:10:01,11:10:55,62549,62832,2202.5,170,2202.75,61,2202.75,2203.0,2202.5,2202.75,216,0,2202.75,32,2203.0,90
2016-11-30 11:11:00,11:11:01,11:11:58,62845,63062,2202.75,35,2203.0,80,2203.0,2203.0,2202.5,2202.75,71,-53,2202.75,5,2203.0,130
2016-11-30 11:12:00,11:12:07,11:12:55,63077,63711,2202.75,4,2203.0,130,2202.75,2203.25,2202.5,2202.75,391,-3,2202.75,67,2203.0,91
2016-11-30 11:13:00,11:13:06,11:13:48,63729,63787,2202.75,47,2203.0,82,2202.75,2202.75,2202.75,2202.75,13,-13,2202.75,51,2203.0,78
2016-11-30 11:14:00,11:14:03,11:14:35,63811,64164,2202.75,105,2203.0,59,2202.75,2203.0,2202.5,2202.75,140,10,2202.75,3,2203.0,122
2016-11-30 11:15:00,11:15:08,11:15:57,64220,64601,2202.75,70,2203.0,105,2202.75,2203.0,2202.75,2202.75,152,-24,2202.75,81,2203.0,101
2016-11-30 11:16:00,11:16:00,11:16:56,64608,64670,2202.75,75,2203.0,101,2202.75,2203.0,2202.75,2202.75,24,-20,2202.75,51,2203.0,110
2016-11-30 11:17:00,11:17:05,11:17:53,64673,64786,2202.75,54,2203.0,100,2202.75,2203.0,2202.75,2203.0,42,10,2202.75,43,2203.0,98
2016-11-30 11:18:00,11:18:00,11:18:45,64799,64920,2202.75,50,2203.0,72,2202.75,2203.0,2202.75,2203.0,36,-24,2202.75,41,2203.0,71
2016-11-30 11:19:00,11:19:02,11:19:57,64958,65389,2202.75,41,2203.0,92,2202.75,2203.0,2202.5,2202.75,67,-17,2202.75,52,2203.0,105
2016-11-30 11:20:00,11:20:02,11:20:56,65403,65783,2202.75,22,2203.0,105,2202.75,2202.75,2202.5,2202.5,85,-67,2202.5,43,2202.75,89
2016-11-30 11:21:00,11:21:03,11:21:52,65814,66124,2202.5,43,2202.75,95,2202.5,2202.75,2202.5,2202.75,48,10,2202.5,81,2202.75,55
2016-11-30 11:22:00,11:22:00,11:22:54,66136,66233,2202.5,73,2202.75,58,2202.5,2202.75,2202.5,2202.5,27,3,2202.5,49,2202.75,70
2016-11-30 11:23:00,11:23:02,11:23:51,66249,66444,2202.5,43,2202.75,70,2202.5,2202.75,2202.5,2202.5,49,-35,2202.5,5,2202.75,76
2016-11-30 11:24:00,11:24:04,11:24:57,66480,66681,2202.5,20,2202.75,74,2202.5,2202.5,2202.25,2202.25,41,-21,2202.25,149,2202.5,57
2016-11-30 11:25:00,11:25:03,11:25:52,66697,66766,2202.25,134,2202.5,65,2202.25,2202.5,2202.25,2202.5,14,-12,2202.25,127,2202.5,82
2016-11-30 11:26:00,11:26:03,11:26:52,66772,67238,2202.25,128,2202.5,85,2202.5,2202.5,2201.75,2202.0,615,-441,2201.75,71,2202.25,163
2016-11-30 11:27:00,11:27:11,11:27:58,67356,67633,2202.0,99,2202.25,115,2202.0,2202.0,2201.75,2201.75,194,-50,2201.75,49,2202.0,162
2016-11-30 11:28:00,11:28:02,11:28:58,67638,67735,2201.75,43,2202.0,162,2202.0,2202.0,2201.75,2201.75,29,-5,2201.75,39,2202.0,173
2016-11-30 11:29:00,11:29:00,11:29:54,67737,67818,2201.75,39,2202.0,172,2201.75,2202.0,2201.75,2201.75,22,-20,2201.75,87,2202.0,153
2016-11-30 11:30:00,11:30:00,11:30:58,67821,68215,2201.75,87,2202.0,153,2201.75,2202.0,2201.5,2201.75,230,-68,2201.5,211,2201.75,35
2016-11-30 11:31:00,11:31:00,11:31:58,68218,68455,2201.5,211,2201.75,35,2201.75,2202.0,2201.75,2201.75,101,9,2201.75,66,2202.0,82
2016-11-30 11:32:00,11:32:02,11:32:36,68461,68541,2201.75,67,2202.0,82,2202.0,2202.0,2201.75,2201.75,22,4,2201.75,97,2202.0,39
2016-11-30 11:33:00,11:33:02,11:33:53,68567,68660,2201.75,79,2202.0,73,2202.0,2202.0,2201.75,2201.75,27,-7,2201.75,70,2202.0,72
2016-11-30 11:34:00,11:34:15,11:34:48,68686,68727,2201.75,56,2202.0,80,2202.0,2202.0,2201.75,2202.0,13,1,2201.75,46,2202.0,80
2016-11-30 11:35:00,11:35:12,11:35:53,68742,68803,2201.75,49,2202.0,80,2201.75,2202.0,2201.75,2201.75,20,-8,2201.75,62,2202.0,77
2016-11-30 11:36:00,11:36:16,11:36:56,68810,69010,2201.75,68,2202.0,78,2201.75,2202.0,2201.75,2202.0,115,-21,2201.75,111,2202.25,103
2016-11-30 11:37:00,11:37:11,11:37:59,69070,69241,2202.0,19,2202.25,102,2202.0,2202.0,2201.75,2201.75,34,-16,2201.75,46,2202.0,86
2016-11-30 11:38:00,11:38:06,11:38:53,69253,69352,2201.75,40,2202.0,87,2201.75,2202.0,2201.75,2201.75,78,-52,2201.75,1,2202.0,94
2016-11-30 11:39:00,11:39:02,11:39:51,69376,69610,2201.75,7,2202.0,88,2201.75,2202.0,2201.5,2201.75,65,13,2201.5,246,2201.75,41
2016-11-30 11:40:00,11:40:00,11:40:59,69618,69724,2201.5,247,2201.75,43,2201.75,2201.75,2201.5,2201.75,91,-71,2201.5,121,2201.75,103
2016-11-30 11:41:00,11:41:08,11:41:56,69733,70114,2201.5,123,2201.75,103,2201.5,2201.75,2201.25,2201.25,292,-130,2201.25,94,2201.5,57
2016-11-30 11:42:00,11:42:01,11:42:55,70159,70381,2201.25,107,2201.5,90,2201.25,2201.5,2201.25,2201.25,70,-62,2201.25,70,2201.5,67
2016-11-30 11:43:00,11:43:06,11:43:59,70419,71286,2201.25,41,2201.5,123,2201.25,2201.25,2200.75,2201.0,445,-129,2200.75,146,2201.0,1
2016-11-30 11:44:00,11:44:03,11:44:28,71325,71510,2200.75,157,2201.0,24,2200.75,2201.0,2200.75,2201.0,55,-5,2201.0,45,2201.25,117
2016-11-30 11:45:00,11:45:00,11:45:58,71574,71911,2201.0,80,2201.25,83,2201.0,2201.25,2201.0,2201.25,59,-27,2201.0,43,2201.25,179
2016-11-30 11:46:00,11:46:00,11:46:58,71917,72083,2201.0,44,2201.25,169,2201.0,2201.0,2201.0,2201.0,65,-39,2200.75,160,2201.25,211
2016-11-30 11:47:00,11:47:03,11:47:51,72110,72332,2200.75,159,2201.0,17,2201.0,2201.25,2200.75,2200.75,92,-36,2200.75,77,2201.0,213
2016-11-30 11:48:00,11:48:06,11:48:53,72365,72516,2200.75,82,2201.0,219,2201.0,2201.25,2200.75,2201.25,117,115,2201.0,74,2201.25,166
2016-11-30 11:49:00,11:49:22,11:49:52,72532,72549,2201.0,80,2201.25,171,2201.25,2201.25,2201.25,2201.25,3,3,2201.0,90,2201.25,171
2016-11-30 11:50:00,11:50:00,11:50:57,72553,72895,2201.0,90,2201.25,163,2201.0,2201.25,2200.75,2201.0,80,-18,2200.75,148,2201.0,83
2016-11-30 11:51:00,11:51:07,11:51:50,72905,73082,2200.75,140,2201.0,93,2200.75,2201.0,2200.75,2201.0,100,78,2200.75,165,2201.25,191
2016-11-30 11:52:00,11:52:06,11:52:12,73155,73163,2201.0,50,2201.25,170,2201.25,2201.25,2201.25,2201.25,5,5,2201.0,59,2201.25,164
2016-11-30 11:53:00,11:53:17,11:53:50,73212,73541,2201.0,88,2201.25,171,2201.25,2201.75,2201.25,2201.5,346,228,2201.5,1,2201.75,156
2016-11-30 11:54:00,11:54:00,11:54:50,73584,73856,2201.5,40,2201.75,143,2201.5,2201.5,2201.25,2201.5,186,-46,2201.25,43,2201.5,73
2016-11-30 11:55:00,11:55:04,11:55:55,73859,73909,2201.25,44,2201.5,76,2201.5,2201.5,2201.25,2201.5,10,6,2201.25,51,2201.5,74
2016-11-30 11:56:00,11:56:04,11:56:52,73914,74006,2201.25,51,2201.5,77,2201.5,2201.5,2201.5,2201.5,50,50,2201.25,92,2201.5,28
2016-11-30 11:57:00,11:57:08,11:57:53,74036,74117,2201.25,99,2201.5,41,2201.5,2201.5,2201.25,2201.5,12,4,2201.25,90,2201.5,62
2016-11-30 11:58:00,11:58:02,11:58:39,74120,74151,2201.25,85,2201.5,63,2201.5,2201.5,2201.25,2201.25,5,3,2201.25,93,2201.5,59
2016-11-30 11:59:00,11:59:18,11:59:55,74211,74266,2201.25,92,2201.5,66,2201.5,2201.5,2201.5,2201.5,12,12,2201.25,93,2201.5,17
2016-11-30 12:00:00,12:00:00,12:00:43,74278,74392,2201.25,102,2201.5,18,2201.5,2201.75,2201.5,2201.75,40,38,2201.5,59,2201.75,94
2016-11-30 12:01:00,12:01:23,12:01:40,74408,74422,2201.5,64,2201.75,96,2201.5,2201.75,2201.5,2201.75,6,4,2201.5,68,2201.75,93
2016-11-30 12:02:00,12:02:09,12:02:52,74427,74569,2201.5,68,2201.75,95,2201.5,2201.5,2201.5,2201.5,52,-50,2201.5,23,2201.75,126
2016-11-30 12:03:00,12:03:08,12:03:51,74601,74666,2201.5,8,2201.75,129,2201.5,2201.5,2201.25,2201.5,22,-2,2201.25,102,2201.5,38
2016-11-30 12:04:00,12:04:15,12:04:41,74742,74825,2201.25,132,2201.5,4,2201.5,2201.75,2201.5,2201.75,10,4,2201.5,45,2201.75,103
2016-11-30 12:05:00,12:05:27,12:05:59,74840,74880,2201.5,36,2201.75,121,2201.75,2201.75,2201.75,2201.75,13,13,2201.5,68,2201.75,90
2016-11-30 12:06:00,12:06:05,12:06:54,74885,74923,2201.5,78,2201.75,89,2201.75,2201.75,2201.75,2201.75,5,5,2201.5,88,2201.75,78
2016-11-30 12:07:00,12:07:14,12:07:26,74936,74945,2201.5,80,2201.75,71,2201.75,2201.75,2201.5,2201.5,4,0,2201.5,79,2201.75,72
2016-11-30 12:08:00,12:08:03,12:08:57,74985,75064,2201.5,53,2201.75,113,2201.75,2201.75,2201.5,2201.5,9,-7,2201.5,36,2201.75,133
2016-11-30 12:09:00,12:09:01,12:09:20,75068,75127,2201.5,36,2201.75,130,2201.5,2201.5,2201.25,2201.25,39,-37,2201.25,97,2201.5,37
2016-11-30 12:10:00,12:10:02,12:10:56,75159,75179,2201.25,94,2201.5,46,2201.25,2201.25,2201.25,2201.25,6,-6,2201.25,100,2201.5,65
2016-11-30 12:11:00,12:11:03,12:11:34,75204,75313,2201.25,109,2201.5,44,2201.25,2201.5,2201.25,2201.5,87,-59,2201.25,10,2201.5,89
2016-11-30 12:12:00,12:12:01,12:12:49,75348,75476,2201.25,52,2201.5,83,2201.25,2201.25,2201.25,2201.25,52,-2,2201.25,19,2201.5,81
2016-11-30 12:13:00,12:13:00,12:13:50,75518,75771,2201.25,25,2201.5,105,2201.25,2201.25,2201.25,2201.25,70,10,2201.25,1,2201.5,152
2016-11-30 12:14:00,12:14:01,12:14:55,75846,76104,2201.25,13,2201.5,104,2201.25,2201.25,2201.0,2201.0,179,-125,2201.0,49,2201.25,74
2016-11-30 12:15:00,12:15:00,12:15:39,76111,76218,2201.0,45,2201.25,77,2201.0,2201.25,2201.0,2201.0,42,-38,2201.0,41,2201.25,76
2016-11-30 12:16:00,12:16:05,12:16:48,76276,76357,2201.0,87,2201.25,35,2201.0,2201.5,2201.0,2201.25,44,28,2201.25,40,2201.5,78
2016-11-30 12:17:00,12:17:00,12:17:49,76387,76694,2201.25,50,2201.5,74,2201.5,2201.75,2201.5,2201.5,121,73,2201.5,34,2201.75,105
2016-11-30 12:18:00,12:18:00,12:18:55,76735,76974,2201.5,39,2201.75,102,2201.5,2201.75,2201.5,2201.5,87,-49,2201.25,91,2201.5,40
2016-11-30 12:19:00,12:19:22,12:19:56,77019,77086,2201.25,64,2201.5,56,2201.25,2201.5,2201.25,2201.5,11,-5,2201.25,56,2201.5,66
2016-11-30 12:20:00,12:20:26,12:20:54,77118,77238,2201.25,143,2201.5,37,2201.5,2201.75,2201.5,2201.5,48,36,2201.5,66,2201.75,102
2016-11-30 12:21:00,12:21:00,12:21:50,77252,77562,2201.5,47,2201.75,92,2201.5,2201.75,2201.5,2201.75,53,-33,2201.5,61,2201.75,85
2016-11-30 12:22:00,12:22:00,12:22:58,77583,77841,2201.5,46,2201.75,106,2201.5,2201.5,2201.5,2201.5,64,-12,2201.25,149,2201.5,40
2016-11-30 12:23:00,12:23:00,12:23:36,77844,77907,2201.25,148,2201.5,39,2201.5,2201.5,2201.25,2201.25,6,2,2201.25,155,2201.5,21
2016-11-30 12:24:00,12:24:07,12:24:46,77933,78100,2201.25,147,2201.5,52,2201.5,2201.5,2201.5,2201.5,49,9,2201.5,4,2201.75,114
2016-11-30 12:25:00,12:25:00,12:25:55,78130,78320,2201.5,15,2201.75,110,2201.5,2201.75,2201.5,2201.75,48,2,2201.5,41,2201.75,148
2016-11-30 12:26:00,12:26:34,12:26:46,78347,78401,2201.5,28,2201.75,155,2201.5,2201.5,2201.5,2201.5,30,-26,2201.5,5,2201.75,157
2016-11-30 12:27:00,12:27:00,12:27:59,78407,78566,2201.5,6,2201.75,157,2201.5,2202.0,2201.5,2202.0,191,145,2201.75,49,2202.0,106
2016-11-30 12:28:00,12:28:41,12:28:45,78584,78769,2201.75,68,2202.0,74,2202.0,2202.25,2202.0,2202.25,129,31,2202.0,63,2202.25,110
2016-11-30 12:29:00,12:29:01,12:29:58,78787,78958,2202.0,71,2202.25,101,2202.0,2202.25,2202.0,2202.25,93,-83,2202.0,39,2202.25,107
2016-11-30 12:30:00,12:30:00,12:30:58,78973,79121,2202.0,56,2202.25,106,2202.25,2202.25,2202.0,2202.25,51,15,2202.25,5,2202.25,43
2016-11-30 12:31:00,12:31:04,12:31:57,79131,79362,2202.0,135,2202.25,46,2202.25,2202.5,2202.25,2202.25,119,-19,2202.25,41,2202.5,169
2016-11-30 12:32:00,12:32:03,12:32:30,79367,79488,2202.25,41,2202.5,169,2202.25,2202.5,2202.25,2202.25,43,-41,2202.25,41,2202.5,128
2016-11-30 12:33:00,12:33:03,12:33:44,79499,79550,2202.25,39,2202.5,129,2202.25,2202.25,2202.25,2202.25,10,-10,2202.25,36,2202.5,120
2016-11-30 12:34:00,12:34:00,12:34:55,79575,79889,2202.25,31,2202.5,117,2202.25,2202.5,2202.25,2202.25,101,-11,2202.25,30,2202.5,140
2016-11-30 12:35:00,12:35:01,12:35:28,79900,79972,2202.25,24,2202.5,137,2202.25,2202.25,2202.25,2202.25,36,-6,2202.25,7,2202.5,151
2016-11-30 12:36:00,12:36:14,12:36:51,80000,80117,2202.25,11,2202.5,138,2202.5,2202.5,2202.25,2202.25,44,16,2202.25,17,2202.5,137
2016-11-30 12:37:00,12:37:00,12:37:59,80127,80320,2202.25,25,2202.5,137,2202.25,2202.5,2202.25,2202.5,22,-6,2202.25,43,2202.5,132
2016-11-30 12:38:00,12:38:05,12:38:56,80329,80451,2202.25,49,2202.5,131,2202.25,2202.25,2202.25,2202.25,22,-22,2202.25,17,2202.5,147
2016-11-30 12:39:00,12:39:02,12:39:55,80474,80719,2202.25,43,2202.5,125,2202.25,2202.5,2202.25,2202.5,146,108,2202.5,50,2202.75,135
2016-11-30 12:40:00,12:40:00,12:40:59,80748,81139,2202.5,43,2202.75,134,2202.75,2202.75,2202.5,2202.5,237,51,2202.5,38,2202.75,104
2016-11-30 12:41:00,12:41:00,12:41:55,81153,81511,2202.5,24,2202.75,109,2202.5,2202.75,2202.5,2202.75,175,33,2202.75,30,2203.0,175
2016-11-30 12:42:00,12:42:00,12:42:55,81555,82111,2202.75,52,2203.0,171,2202.75,2203.5,2202.75,2203.25,482,270,2203.0,161,2203.5,128
2016-11-30 12:43:00,12:43:03,12:43:49,82127,82208,2203.0,167,2203.25,10,2203.0,2203.25,2203.0,2203.0,85,-83,2203.0,69,2203.25,58
2016-11-30 12:44:00,12:44:08,12:44:55,82247,82328,2203.0,157,2203.25,43,2203.25,2203.25,2203.0,2203.0,19,-17,2203.0,131,2203.25,69
2016-11-30 12:45:00,12:45:06,12:45:57,82335,82522,2203.0,131,2203.25,71,2203.0,2203.25,2203.0,2203.0,108,-12,2203.0,203,2203.25,10
2016-11-30 12:46:00,12:46:00,12:46:46,82535,82713,2203.0,206,2203.25,5,2203.25,2203.25,2203.25,2203.25,37,-17,2203.0,204,2203.25,9
2016-11-30 12:47:00,12:47:05,12:47:59,82739,82903,2203.0,198,2203.25,18,2203.25,2203.25,2203.0,2203.0,14,-2,2203.0,180,2203.25,106
2016-11-30 12:48:00,12:48:04,12:48:43,82912,82981,2203.0,176,2203.25,127,2203.0,2203.0,2203.0,2203.0,42,-42,2203.0,126,2203.25,130
2016-11-30 12:49:00,12:49:04,12:49:59,82989,83021,2203.0,125,2203.25,136,2203.0,2203.0,2203.0,2203.0,26,-26,2203.0,148,2203.25,130
2016-11-30 12:50:00,12:50:00,12:50:50,83024,83305,2203.0,148,2203.25,130,2203.0,2203.25,2202.75,2203.25,202,-104,2203.0,85,2203.25,88
2016-11-30 12:51:00,12:51:05,12:51:58,83316,83432,2203.0,85,2203.25,89,2203.0,2203.0,2203.0,2203.0,40,-40,2203.0,30,2203.25,106
2016-11-30 12:52:00,12:52:02,12:52:49,83444,83647,2203.0,46,2203.25,98,2203.0,2203.25,2203.0,2203.25,71,-49,2203.0,63,2203.25,97
2016-11-30 12:53:00,12:53:12,12:53:57,83687,83749,2203.0,86,2203.25,41,2203.0,2203.0,2203.0,2203.0,9,-9,2203.0,70,2203.25,78
2016-11-30 12:54:00,12:54:03,12:54:37,83757,83797,2203.0,75,2203.25,78,2203.0,2203.0,2203.0,2203.0,11,-11,2203.0,64,2203.25,77
2016-11-30 12:55:00,12:55:01,12:55:42,83818,83909,2203.0,85,2203.25,62,2203.0,2203.25,2203.0,2203.0,16,-10,2203.0,74,2203.25,72
2016-11-30 12:56:00,12:56:12,12:56:58,83920,83947,2203.0,77,2203.25,72,2203.0,2203.25,2203.0,2203.0,11,-5,2203.0,71,2203.25,75
2016-11-30 12:57:00,12:57:02,12:57:48,83951,84017,2203.0,70,2203.25,75,2203.0,2203.0,2203.0,2203.0,15,-15,2203.0,35,2203.25,95
2016-11-30 12:58:00,12:58:04,12:58:58,84028,84216,2203.0,39,2203.25,99,2203.0,2203.0,2202.75,2202.75,70,-26,2202.75,130,2203.0,48
2016-11-30 12:59:00,12:59:15,12:59:57,84220,84291,2202.75,132,2203.0,48,2202.75,2203.0,2202.75,2202.75,15,-7,2202.75,172,2203.0,44
2016-11-30 13:00:00,13:00:06,13:00:57,84306,84427,2202.75,158,2203.0,52,2202.75,2203.0,2202.75,2202.75,38,12,2202.75,156,2203.0,59
2016-11-30 13:01:00,13:01:27,13:01:53,84444,84465,2202.75,157,2203.0,48,2202.75,2203.0,2202.75,2202.75,8,-6,2202.75,150,2203.0,56
2016-11-30 13:02:00,13:02:14,13:02:46,84488,84801,2202.75,139,2203.0,72,2202.75,2203.0,2202.75,2203.0,132,-48,2202.75,103,2203.0,9
2016-11-30 13:03:00,13:03:10,13:03:52,84859,85120,2202.75,102,2203.0,34,2203.0,2203.25,2203.0,2203.25,40,14,2203.0,34,2203.25,85
2016-11-30 13:04:00,13:04:04,13:04:53,85143,85342,2203.0,58,2203.25,73,2203.25,2203.25,2202.75,2202.75,33,-29,2202.75,108,2203.0,33
2016-11-30 13:05:00,13:05:00,13:05:49,85347,85468,2202.75,108,2203.0,33,2202.75,2203.25,2202.75,2203.25,25,15,2203.0,21,2203.25,97
2016-11-30 13:06:00,13:06:03,13:06:52,85546,85786,2203.0,41,2203.25,89,2203.0,2203.25,2203.0,2203.0,77,41,2203.0,52,2203.25,47
2016-11-30 13:07:00,13:07:25,13:07:56,85818,85921,2203.0,23,2203.25,73,2203.0,2203.25,2203.0,2203.25,37,-23,2202.75,150,2203.25,102
2016-11-30 13:08:00,13:08:07,13:08:52,85958,86258,2202.75,131,2203.0,14,2203.0,2203.0,2203.0,2203.0,50,30,2202.75,153,2203.0,1
2016-11-30 13:09:00,13:09:08,13:09:40,86293,86569,2202.75,124,2203.0,2,2203.0,2203.25,2203.0,2203.25,37,-3,2203.0,13,2203.25,106
2016-11-30 13:10:00,13:10:02,13:10:59,86608,86766,2203.0,44,2203.25,74,2203.25,2203.25,2203.0,2203.0,26,12,2203.0,63,2203.25,62
2016-11-30 13:11:00,13:11:07,13:11:48,86781,86887,2203.0,69,2203.25,68,2203.0,2203.25,2203.0,2203.0,51,-45,2203.0,4,2203.25,105
2016-11-30 13:12:00,13:12:09,13:12:42,86906,86997,2203.0,14,2203.25,106,2203.0,2203.25,2202.75,2202.75,6,-4,2202.75,95,2203.0,53
2016-11-30 13:13:00,13:13:25,13:13:48,87064,87075,2202.75,49,2203.0,92,2202.75,2202.75,2202.75,2202.75,2,-2,2202.75,41,2203.0,94
2016-11-30 13:14:00,13:14:05,13:14:59,87081,87165,2202.75,44,2203.0,94,2202.75,2203.0,2202.75,2203.0,12,-4,2202.75,42,2203.0,93
2016-11-30 13:15:00,13:15:46,13:15:56,87187,87199,2202.75,46,2203.0,94,2203.0,2203.0,2203.0,2203.0,2,2,2202.75,57,2203.0,89
2016-11-30 13:16:00,13:16:26,13:16:37,87226,87236,2202.75,61,2203.0,79,2202.75,2202.75,2202.75,2202.75,2,-2,2202.75,54,2203.0,81
2016-11-30 13:17:00,13:17:00,13:17:35,87250,87281,2202.75,49,2203.0,89,2203.0,2203.0,2203.0,2203.0,2,2,2202.75,64,2203.0,89
2016-11-30 13:18:00,13:18:05,13:18:50,87327,87549,2202.75,117,2203.0,59,2203.0,2203.25,2203.0,2203.0,84,38,2203.0,1,2203.25,105
2016-11-30 13:19:00,13:19:04,13:19:39,87607,87712,2203.0,36,2203.25,87,2203.0,2203.0,2202.75,2203.0,26,-4,2202.75,102,2203.0,18
2016-11-30 13:20:00,13:20:00,13:20:52,87757,87907,2202.75,72,2203.0,48,2202.75,2203.0,2202.75,2202.75,40,-36,2202.75,1,2202.75,4
2016-11-30 13:21:00,13:21:08,13:21:56,87944,88014,2202.75,23,2203.0,75,2202.75,2202.75,2202.75,2202.75,18,-8,2202.75,1,2203.0,81
2016-11-30 13:22:00,13:22:50,13:22:50,88076,88076,2202.75,29,2203.0,77,2203.0,2203.0,2203.0,2203.0,2,2,2202.75,30,2203.0,75
2016-11-30 13:23:00,13:23:10,13:23:59,88094,88164,2202.75,40,2203.0,74,2202.75,2202.75,2202.75,2202.75,30,-30,2202.5,127,2202.75,1
2016-11-30 13:24:00,13:24:02,13:24:58,88193,88361,2202.5,100,2202.75,30,2202.75,2202.75,2202.75,2202.75,98,98,2202.5,102,2202.75,16
2016-11-30 13:25:00,13:25:01,13:25:52,88366,88591,2202.5,101,2202.75,19,2202.75,2203.0,2202.25,2202.5,308,-30,2202.5,10,2202.75,99
2016-11-30 13:26:00,13:26:11,13:26:50,88715,88795,2202.5,33,2202.75,83,2202.5,2202.5,2202.5,2202.5,47,-23,2202.5,16,2202.75,111
2016-11-30 13:27:00,13:27:25,13:27:44,88805,88825,2202.5,19,2202.75,115,2202.5,2202.5,2202.5,2202.5,15,-15,2202.5,2,2202.5,5
2016-11-30 13:28:00,13:28:08,13:28:56,88920,89161,2202.25,79,2202.5,49,2202.5,2202.75,2202.5,2202.75,57,-1,2202.5,43,2202.75,110
2016-11-30 13:29:00,13:29:46,13:29:47,89221,89261,2202.5,81,2202.75,102,2202.75,2202.75,2202.75,2202.75,62,62,2202.75,2,2203.0,92
2016-11-30 13:30:00,13:30:00,13:30:38,89315,89479,2202.75,27,2203.0,83,2203.0,2203.0,2202.5,2202.75,145,-45,2202.75,25,2203.0,84
2016-11-30 13:31:00,13:31:02,13:31:58,89495,89920,2202.75,46,2203.0,84,2202.75,2203.0,2202.75,2202.75,136,-36,2202.75,31,2203.0,85
2016-11-30 13:32:00,13:32:00,13:32:56,89931,90065,2202.75,9,2203.0,86,2202.75,2202.75,2202.5,2202.5,17,-17,2202.5,94,2202.75,30
2016-11-30 13:33:00,13:33:01,13:33:54,90070,90292,2202.5,88,2202.75,80,2202.5,2203.0,2202.5,2203.0,114,44,2202.75,6,2203.0,85
2016-11-30 13:34:00,13:34:43,13:34:43,90342,90342,2202.75,54,2203.0,83,2203.0,2203.0,2203.0,2203.0,1,1,2202.75,55,2203.0,82
2016-11-30 13:35:00,13:35:00,13:35:54,90356,90406,2202.75,50,2203.0,87,2203.0,2203.0,2203.0,2203.0,4,4,2202.75,75,2203.0,82
2016-11-30 13:36:00,13:36:11,13:36:45,90416,90447,2202.75,66,2203.0,91,2203.0,2203.0,2203.0,2203.0,5,5,2202.75,58,2203.0,90
2016-11-30 13:37:00,13:37:33,13:37:33,90495,90495,2202.75,101,2203.0,73,2203.0,2203.0,2203.0,2203.0,1,1,2202.75,103,2203.0,72
2016-11-30 13:38:00,13:38:03,13:38:59,90513,90823,2202.75,115,2203.0,58,2203.0,2203.25,2203.0,2203.0,145,-15,2202.75,109,2203.0,117
2016-11-30 13:39:00,13:39:04,13:39:45,90825,90845,2202.75,108,2203.0,117,2203.0,2203.0,2202.75,2202.75,4,2,2202.75,109,2203.0,103
2016-11-30 13:40:00,13:40:00,13:40:36,90850,90876,2202.75,98,2203.0,103,2203.0,2203.0,2202.75,2203.0,15,-1,2202.75,94,2203.0,106
2016-11-30 13:41:00,13:41:31,13:41:36,90892,90901,2202.75,93,2203.0,110,2202.75,2202.75,2202.75,2202.75,11,-11,2202.75,84,2203.0,124
2016-11-30 13:42:00,13:42:36,13:42:59,90918,90956,2202.75,85,2203.0,123,2202.75,2203.0,2202.75,2203.0,5,-1,2202.75,74,2203.0,122
2016-11-30 13:43:00,13:43:03,13:43:44,90962,91303,2202.75,75,2203.0,122,2202.75,2203.0,2202.75,2202.75,116,-32,2202.5,109,2202.75,79
2016-11-30 13:44:00,13:44:28,13:44:39,91325,91424,2202.5,115,2202.75,73,2202.75,2202.75,2202.75,2202.75,89,47,2202.5,115,2203.0,110
2016-11-30 13:45:00,13:45:18,13:45:38,91501,91575,2202.75,11,2203.0,109,2202.75,2202.75,2202.75,2202.75,6,-6,2202.5,93,2203.0,117
2016-11-30 13:46:00,13:46:00,13:46:37,91652,91737,2202.5,116,2202.75,9,2202.75,2202.75,2202.5,2202.5,14,2,2202.5,90,2202.75,79
2016-11-30 13:47:00,13:47:51,13:47:54,91767,91864,2202.5,92,2202.75,72,2202.75,2202.75,2202.75,2202.75,87,69,2202.5,116,2202.75,10
2016-11-30 13:48:00,13:48:05,13:48:42,91886,91983,2202.5,110,2202.75,18,2202.75,2203.0,2202.75,2202.75,21,17,2202.75,27,2203.0,127
2016-11-30 13:49:00,13:49:21,13:49:38,92002,92024,2202.75,35,2203.0,126,2202.75,2203.0,2202.75,2202.75,25,-23,2202.5,110,2203.0,129
2016-11-30 13:50:00,13:50:03,13:50:40,92047,92153,2202.75,13,2203.0,125,2202.75,2202.75,2202.75,2202.75,38,0,2202.5,150,2202.75,1
2016-11-30 13:51:00,13:51:25,13:51:46,92266,92383,2202.5,141,2202.75,28,2202.75,2202.75,2202.75,2202.75,23,11,2202.5,168,2203.0,132
2016-11-30 13:52:00,13:52:19,13:52:51,92413,92456,2202.75,8,2203.0,128,2203.0,2203.0,2202.75,2203.0,6,-2,2202.75,65,2203.0,122
2016-11-30 13:53:00,13:53:06,13:53:57,92474,92506,2202.75,65,2203.0,123,2203.0,2203.0,2203.0,2203.0,2,2,2202.75,43,2203.0,123
2016-11-30 13:54:00,13:54:27,13:54:52,92516,92565,2202.75,49,2203.0,124,2203.0,2203.0,2202.75,2202.75,6,4,2202.75,28,2203.0,123
2016-11-30 13:55:00,13:55:30,13:55:42,92584,92625,2202.75,19,2203.0,130,2202.75,2202.75,2202.75,2202.75,26,-16,2202.5,146,2202.75,4
2016-11-30 13:56:00,13:56:04,13:56:36,92687,92764,2202.5,122,2202.75,31,2202.75,2202.75,2202.5,2202.75,95,5,2202.5,55,2202.75,54
2016-11-30 13:57:00,13:57:55,13:57:55,92906,92906,2202.5,48,2202.75,79,2202.75,2202.75,2202.75,2202.75,1,1,2202.5,52,2202.75,78
2016-11-30 13:58:00,13:58:00,13:58:58,92921,93538,2202.5,48,2202.75,95,2202.5,2202.75,2202.0,2202.0,212,-164,2202.0,126,2202.25,80
2016-11-30 13:59:00,13:59:01,13:59:59,93558,94945,2202.0,123,2202.25,83,2202.0,2202.0,2201.25,2201.75,820,-372,2201.5,138,2202.0,91
2016-11-30 14:00:00,14:00:00,14:00:50,94998,95569,2201.5,107,2201.75,53,2201.75,2202.5,2201.5,2202.25,251,121,2202.0,139,2202.25,1
2016-11-30 14:01:00,14:01:04,14:01:33,95652,95792,2202.0,89,2202.25,43,2202.25,2202.75,2202.25,2202.75,31,31,2202.5,32,2202.75,67
2016-11-30 14:02:00,14:02:03,14:02:36,95844,95910,2202.5,54,2202.75,79,2202.75,2202.75,2202.5,2202.5,29,25,2202.5,68,2202.75,70
2016-11-30 14:03:00,14:03:03,14:03:52,95925,96099,2202.5,77,2202.75,58,2202.5,2203.0,2202.5,2203.0,72,22,2202.75,79,2203.0,131
2016-11-30 14:04:00,14:04:47,14:04:54,96140,96166,2202.75,108,2203.0,115,2203.0,2203.0,2202.75,2202.75,27,25,2202.75,112,2203.0,99
2016-11-30 14:05:00,14:05:00,14:05:58,96175,96468,2202.75,104,2203.0,99,2203.0,2203.25,2202.75,2203.25,116,92,2203.0,120,2203.25,61
2016-11-30 14:06:00,14:06:00,14:06:45,96475,96535,2203.0,121,2203.25,53,2203.25,2203.25,2203.25,2203.25,33,33,2203.0,142,2203.25,34
2016-11-30 14:07:00,14:07:00,14:07:52,96572,96655,2203.0,118,2203.25,118,2203.25,2203.25,2203.25,2203.25,23,23,2203.0,130,2203.25,78
2016-11-30 14:08:00,14:08:11,14:08:54,96662,96779,2203.0,129,2203.25,79,2203.25,2203.25,2203.25,2203.25,57,57,2203.0,167,2203.25,67
2016-11-30 14:09:00,14:09:01,14:09:58,96793,97395,2203.0,167,2203.25,73,2203.25,2203.5,2203.25,2203.5,403,219,2203.25,72,2203.5,42
2016-11-30 14:10:00,14:10:13,14:10:55,97440,97655,2203.25,77,2203.5,56,2203.25,2203.75,2203.25,2203.75,133,87,2203.5,46,2203.75,151
2016-11-30 14:11:00,14:11:00,14:11:58,97669,97938,2203.5,36,2203.75,153,2203.5,2203.75,2203.5,2203.75,89,5,2203.5,54,2203.75,147
2016-11-30 14:12:00,14:12:05,14:12:59,97943,98028,2203.5,51,2203.75,148,2203.75,2203.75,2203.5,2203.75,53,17,2203.5,93,2203.75,112
2016-11-30 14:13:00,14:13:01,14:13:59,98036,98240,2203.5,96,2203.75,107,2203.75,2203.75,2203.5,2203.75,150,-48,2203.5,48,2203.75,90
2016-11-30 14:14:00,14:14:00,14:14:57,98243,98404,2203.5,51,2203.75,91,2203.5,2204.0,2203.5,2204.0,140,120,2203.75,100,2204.0,150
2016-11-30 14:15:00,14:15:01,14:15:58,98419,98496,2203.75,86,2204.0,162,2203.75,2204.0,2203.75,2204.0,22,14,2203.75,92,2204.0,175
2016-11-30 14:16:00,14:16:03,14:16:58,98498,98962,2203.75,89,2204.0,175,2204.0,2204.5,2203.75,2204.25,400,286,2204.25,69,2204.5,208
2016-11-30 14:17:00,14:17:03,14:17:53,98978,99133,2204.25,70,2204.5,208,2204.5,2204.5,2204.25,2204.5,38,-6,2204.25,130,2204.5,156
2016-11-30 14:18:00,14:18:00,14:18:57,99138,99254,2204.25,129,2204.5,157,2204.25,2204.5,2204.25,2204.25,78,52,2204.25,132,2204.5,126
2016-11-30 14:19:00,14:19:02,14:19:58,99265,99670,2204.25,135,2204.5,118,2204.25,2204.5,2204.25,2204.5,208,84,2204.25,85,2204.5,42
2016-11-30 14:20:00,14:20:00,14:20:57,99673,99768,2204.25,85,2204.5,42,2204.25,2204.5,2204.25,2204.5,26,6,2204.25,80,2204.5,53
2016-11-30 14:21:00,14:21:05,14:21:48,99776,99850,2204.25,82,2204.5,56,2204.5,2204.5,2204.5,2204.5,23,23,2204.25,88,2204.5,26
2016-11-30 14:22:00,14:22:27,14:22:59,99870,100067,2204.25,95,2204.5,27,2204.5,2204.75,2204.5,2204.75,182,102,2204.5,70,2204.75,10
2016-11-30 14:23:00,14:23:00,14:23:46,100084,100168,2204.5,69,2204.75,22,2204.75,2204.75,2204.5,2204.75,77,-47,2204.5,36,2204.75,55
2016-11-30 14:24:00,14:24:04,14:24:52,100183,100290,2204.5,38,2204.75,59,2204.75,2204.75,2204.5,2204.5,40,-18,2204.25,80,2204.5,2
2016-11-30 14:25:00,14:25:00,14:25:27,100339,100369,2204.25,76,2204.5,33,2204.25,2204.5,2204.25,2204.25,4,-2,2204.25,90,2204.5,49
2016-11-30 14:26:00,14:26:28,14:26:53,100430,100482,2204.25,73,2204.5,88,2204.5,2204.5,2204.25,2204.25,19,15,2204.25,80,2204.5,93
2016-11-30 14:27:00,14:27:03,14:27:47,100505,100716,2204.25,60,2204.5,122,2204.25,2204.25,2203.75,2203.75,102,-88,2203.75,63,2204.0,57
2016-11-30 14:28:00,14:28:06,14:28:59,100740,100946,2203.75,65,2204.0,53,2204.0,2204.0,2203.75,2204.0,83,-27,2203.75,55,2204.0,45
2016-11-30 14:29:00,14:29:02,14:29:53,100960,101062,2203.75,60,2204.0,30,2203.75,2204.0,2203.75,2204.0,40,26,2204.0,17,2204.25,70
2016-11-30 14:30:00,14:30:00,14:30:59,101100,101302,2204.0,23,2204.25,65,2204.25,2204.25,2203.75,2204.0,87,-3,2204.0,6,2204.25,71
2016-11-30 14:31:00,14:31:14,14:31:59,101366,101492,2204.0,42,2204.25,45,2204.25,2204.25,2204.0,2204.25,55,49,2204.0,68,2204.25,5
2016-11-30 14:32:00,14:32:40,14:32:55,101550,101615,2204.0,60,2204.25,9,2204.0,2204.25,2204.0,2204.25,28,16,2204.0,59,2204.25,20
2016-11-30 14:33:00,14:33:06,14:33:06,101621,101621,2204.0,59,2204.25,22,2204.0,2204.0,2204.0,2204.0,3,-3,2204.0,56,2204.25,27
2016-11-30 14:34:00,14:34:17,14:34:52,101695,101729,2204.0,33,2204.25,68,2204.25,2204.25,2204.0,2204.25,4,2,2204.0,25,2204.25,69
2016-11-30 14:35:00,14:35:05,14:35:50,101743,101816,2204.0,36,2204.25,55,2204.0,2204.0,2204.0,2204.0,43,-1,2204.0,1,2204.25,94
2016-11-30 14:36:00,14:36:33,14:36:33,101857,101883,2204.0,46,2204.25,85,2204.0,2204.0,2203.75,2203.75,11,-11,2203.75,107,2204.25,94
2016-11-30 14:37:00,14:37:00,14:37:36,101934,102136,2203.75,72,2204.0,18,2203.75,2204.0,2203.75,2204.0,87,21,2204.0,21,2204.25,120
2016-11-30 14:38:00,14:38:05,14:38:59,102193,102320,2204.0,52,2204.25,102,2204.25,2204.25,2204.0,2204.0,75,-7,2203.75,133,2204.25,208
2016-11-30 14:39:00,14:39:03,14:39:59,102352,102431,2203.75,73,2204.0,18,2204.0,2204.25,2204.0,2204.0,41,9,2204.0,34,2204.25,88
2016-11-30 14:40:00,14:40:00,14:40:56,102436,102488,2204.0,35,2204.25,89,2204.25,2204.25,2204.0,2204.0,14,-4,2204.0,16,2204.25,97
2016-11-30 14:41:00,14:41:19,14:41:52,102492,102522,2204.0,16,2204.25,98,2204.0,2204.25,2204.0,2204.25,6,4,2204.0,23,2204.25,102
2016-11-30 14:42:00,14:42:00,14:42:57,102542,102676,2204.0,38,2204.25,97,2204.25,2204.25,2204.0,2204.0,35,17,2204.0,19,2204.25,118
2016-11-30 14:43:00,14:43:02,14:43:35,102680,102773,2204.0,19,2204.25,117,2204.25,2204.25,2203.75,2203.75,28,-14,2203.75,74,2204.0,55
2016-11-30 14:44:00,14:44:00,14:44:13,102792,102819,2203.75,66,2204.0,54,2203.75,2204.0,2203.75,2204.0,12,-2,2203.75,58,2204.0,96
2016-11-30 14:45:00,14:45:00,14:45:49,102854,103029,2203.75,69,2204.0,59,2203.75,2204.25,2203.75,2204.25,77,55,2204.0,38,2204.25,74
2016-11-30 14:46:00,14:46:12,14:46:12,103082,103126,2204.0,134,2204.25,15,2204.25,2204.25,2204.25,2204.25,20,18,2204.0,145,2204.25,6
2016-11-30 14:47:00,14:47:05,14:47:07,103173,103185,2204.0,71,2204.25,48,2204.25,2204.25,2204.25,2204.25,18,18,2204.0,73,2204.25,29
2016-11-30 14:48:00,14:48:09,14:48:47,103271,103387,2204.0,35,2204.25,133,2204.0,2204.25,2203.75,2203.75,49,-37,2203.75,74,2204.0,27
2016-11-30 14:49:00,14:49:00,14:49:02,103403,103481,2203.75,109,2204.0,22,2204.0,2204.0,2204.0,2204.0,44,-4,2204.0,1,2204.25,84
2016-11-30 14:50:00,14:50:11,14:50:58,103625,103700,2204.0,33,2204.25,77,2204.0,2204.0,2203.75,2203.75,30,-24,2203.75,82,2204.0,40
2016-11-30 14:51:00,14:51:15,14:51:53,103703,103973,2203.75,82,2204.0,40,2204.0,2204.25,2204.0,2204.0,51,11,2204.0,17,2204.25,78
2016-11-30 14:52:00,14:52:00,14:52:47,103976,104158,2204.0,16,2204.25,77,2204.0,2204.25,2204.0,2204.0,25,-13,2204.0,36,2204.25,114
2016-11-30 14:53:00,14:53:07,14:53:52,104177,104265,2204.0,28,2204.25,114,2204.25,2204.25,2203.75,2203.75,24,-8,2203.75,114,2204.0,12
2016-11-30 14:54:00,14:54:00,14:54:57,104293,104377,2203.75,89,2204.0,40,2203.75,2203.75,2203.75,2203.75,5,-5,2203.75,86,2204.0,49
2016-11-30 14:55:00,14:55:02,14:55:29,104384,104478,2203.75,85,2204.0,50,2204.0,2204.25,2204.0,2204.25,63,55,2204.0,66,2204.25,106
2016-11-30 14:56:00,14:56:01,14:56:58,104489,104578,2204.0,68,2204.25,100,2204.25,2204.5,2204.0,2204.5,81,79,2204.25,10,2204.5,168
2016-11-30 14:57:00,14:57:00,14:57:53,104598,104897,2204.25,37,2204.5,148,2204.25,2204.5,2204.25,2204.25,89,-9,2204.25,45,2204.5,157
2016-11-30 14:58:00,14:58:06,14:58:51,104936,104967,2204.25,84,2204.5,129,2204.25,2204.5,2204.25,2204.5,22,-18,2204.25,81,2204.5,128
2016-11-30 14:59:00,14:59:03,14:59:54,104969,105023,2204.25,82,2204.5,128,2204.25,2204.5,2204.25,2204.5,10,6,2204.25,95,2204.5,116
2016-11-30 15:00:00,15:00:00,15:00:58,105028,105997,2204.25,94,2204.5,115,2204.5,2204.75,2204.25,2204.5,316,84,2204.25,110,2204.5,15
2016-11-30 15:01:00,15:01:00,15:01:59,106039,106489,2204.25,66,2204.5,51,2204.5,2204.5,2204.25,2204.25,107,15,2204.0,214,2204.5,101
2016-11-30 15:02:00,15:02:00,15:02:59,106507,106805,2204.0,193,2204.5,107,2204.5,2204.5,2204.25,2204.25,16,8,2204.25,86,2204.5,53
2016-11-30 15:03:00,15:03:03,15:03:56,106817,107431,2204.25,105,2204.5,52,2204.25,2205.0,2204.25,2204.75,689,143,2204.75,66,2205.0,50
2016-11-30 15:04:00,15:04:02,15:04:52,107444,107674,2204.75,62,2205.0,62,2204.75,2205.25,2204.75,2205.25,224,62,2205.0,90,2205.25,68
2016-11-30 15:05:00,15:05:00,15:05:57,107683,107940,2205.0,98,2205.25,82,2205.25,2205.25,2205.0,2205.25,234,4,2205.25,48,2205.5,195
2016-11-30 15:06:00,15:06:00,15:06:57,107951,108162,2205.25,56,2205.5,192,2205.25,2205.5,2205.25,2205.25,96,-38,2205.0,186,2205.5,187
2016-11-30 15:07:00,15:07:02,15:07:49,108230,108561,2205.0,134,2205.25,89,2205.25,2205.25,2205.25,2205.25,205,49,2205.0,189,2205.25,1
2016-11-30 15:08:00,15:08:00,15:08:59,108616,108946,2205.0,124,2205.25,33,2205.0,2205.75,2205.0,2205.5,246,148,2205.5,58,2205.75,202
2016-11-30 15:09:00,15:09:02,15:09:41,108958,109439,2205.5,63,2205.75,213,2205.5,2205.5,2205.0,2205.25,482,-284,2205.0,78,2205.25,102
2016-11-30 15:10:00,15:10:06,15:10:07,109484,109610,2205.0,92,2205.25,81,2205.0,2205.25,2205.0,2205.25,109,-53,2205.0,14,2205.25,118
2016-11-30 15:11:00,15:11:09,15:11:58,109711,109868,2205.0,34,2205.25,121,2205.25,2205.25,2205.0,2205.0,67,-33,2204.75,148,2205.0,6
2016-11-30 15:12:00,15:12:33,15:12:58,109971,110005,2204.75,70,2205.0,116,2204.75,2204.75,2204.75,2204.75,14,-14,2204.75,77,2205.0,119
2016-11-30 15:13:00,15:13:00,15:13:48,110013,110080,2204.75,80,2205.0,119,2205.0,2205.0,2204.75,2205.0,5,-1,2204.75,79,2205.0,135
2016-11-30 15:14:00,15:14:16,15:14:52,110102,110141,2204.75,98,2205.0,124,2205.0,2205.0,2204.75,2205.0,10,-4,2204.75,101,2205.0,133
2016-11-30 15:15:00,15:15:02,15:15:58,110183,110449,2204.75,89,2205.0,149,2204.75,2205.25,2204.75,2205.25,187,99,2205.0,73,2205.25,135
2016-11-30 15:16:00,15:16:00,15:16:57,110507,110600,2205.0,114,2205.25,58,2205.0,2205.25,2205.0,2205.25,20,0,2205.0,107,2205.25,56
2016-11-30 15:17:00,15:17:08,15:17:58,110623,110729,2205.0,101,2205.25,72,2205.25,2205.25,2205.0,2205.25,49,47,2205.0,108,2205.25,33
2016-11-30 15:18:00,15:18:05,15:18:55,110739,110863,2205.0,107,2205.25,49,2205.25,2205.25,2205.0,2205.0,40,34,2205.0,75,2205.25,89
2016-11-30 15:19:00,15:19:01,15:19:52,110872,110987,2205.0,69,2205.25,100,2205.25,2205.25,2204.75,2204.75,79,-69,2204.75,57,2205.0,74
2016-11-30 15:20:00,15:20:01,15:20:31,111010,111034,2204.75,57,2205.0,74,2205.0,2205.0,2204.75,2204.75,4,0,2204.75,56,2205.0,72
2016-11-30 15:21:00,15:21:03,15:21:56,111072,111131,2204.75,47,2205.0,72,2204.75,2205.0,2204.75,2205.0,9,3,2204.75,42,2205.0,88
2016-11-30 15:22:00,15:22:05,15:22:53,111141,111413,2204.75,54,2205.0,83,2204.75,2204.75,2204.5,2204.75,85,17,2204.75,1,2205.0,157
2016-11-30 15:23:00,15:23:03,15:23:51,111478,111622,2204.75,42,2205.0,93,2204.75,2205.0,2204.5,2204.5,33,-31,2204.5,140,2204.75,29
2016-11-30 15:24:00,15:24:00,15:24:44,111641,111707,2204.5,141,2204.75,24,2204.75,2204.75,2204.5,2204.75,9,7,2204.5,142,2204.75,53
2016-11-30 15:25:00,15:25:28,15:25:52,111758,111777,2204.5,143,2204.75,61,2204.5,2204.75,2204.5,2204.75,4,-2,2204.5,131,2204.75,77
2016-11-30 15:26:00,15:26:00,15:26:52,111786,111916,2204.5,126,2204.75,83,2204.5,2204.75,2204.5,2204.75,18,-8,2204.5,32,2204.75,133
2016-11-30 15:27:00,15:27:05,15:27:55,111929,111995,2204.5,44,2204.75,112,2204.5,2204.75,2204.5,2204.5,8,-4,2204.5,37,2204.75,128
2016-11-30 15:28:00,15:28:03,15:28:51,112001,112191,2204.5,37,2204.75,129,2204.75,2204.75,2204.5,2204.5,161,97,2204.5,72,2204.75,63
2016-11-30 15:29:00,15:29:03,15:29:59,112223,112404,2204.5,124,2204.75,47,2204.5,2205.0,2204.5,2204.75,51,27,2204.75,78,2205.0,108
2016-11-30 15:30:00,15:30:00,15:30:52,112409,112654,2204.75,88,2205.0,109,2205.0,2205.0,2204.75,2205.0,74,10,2204.75,118,2205.0,72
2016-11-30 15:31:00,15:31:01,15:31:59,112682,113133,2204.75,94,2205.0,105,2204.75,2204.75,2204.5,2204.5,155,-63,2204.5,45,2204.75,78
2016-11-30 15:32:00,15:32:00,15:32:34,113138,113198,2204.5,46,2204.75,77,2204.5,2204.75,2204.5,2204.5,18,-16,2204.5,13,2204.75,87
2016-11-30 15:33:00,15:33:03,15:33:56,113227,113429,2204.5,36,2204.75,78,2204.5,2204.75,2204.5,2204.5,41,17,2204.5,103,2204.75,37
2016-11-30 15:34:00,15:34:02,15:34:52,113481,113674,2204.5,121,2204.75,12,2204.75,2204.75,2204.5,2204.5,39,17,2204.5,124,2204.75,13
2016-11-30 15:35:00,15:35:35,15:35:53,113735,113751,2204.5,63,2204.75,89,2204.5,2204.75,2204.5,2204.5,6,0,2204.5,61,2204.75,84
2016-11-30 15:36:00,15:36:06,15:36:58,113759,114216,2204.5,65,2204.75,86,2204.5,2205.25,2204.5,2205.25,121,53,2205.0,127,2205.25,45
2016-11-30 15:37:00,15:37:01,15:37:55,114255,114888,2205.0,164,2205.25,46,2205.25,2205.5,2205.0,2205.25,196,52,2205.0,118,2205.25,3
2016-11-30 15:38:00,15:38:01,15:38:58,114928,115286,2205.25,11,2205.5,125,2205.25,2205.5,2205.0,2205.5,64,2,2205.25,54,2205.5,89
2016-11-30 15:39:00,15:39:02,15:39:48,115308,115677,2205.25,24,2205.5,112,2205.25,2205.25,2204.75,2204.75,82,-52,2204.75,121,2205.0,26
2016-11-30 15:40:00,15:40:01,15:40:57,115695,116080,2204.75,108,2205.0,24,2205.0,2205.25,2205.0,2205.25,111,33,2205.0,161,2205.25,20
2016-11-30 15:41:00,15:41:01,15:41:58,116087,116299,2205.0,161,2205.25,14,2205.0,2205.5,2205.0,2205.5,51,45,2205.25,62,2205.5,62
2016-11-30 15:42:00,15:42:03,15:42:56,116346,116400,2205.25,79,2205.5,63,2205.25,2205.5,2205.25,2205.25,11,1,2205.25,83,2205.5,69
2016-11-30 15:43:00,15:43:07,15:43:52,116410,116461,2205.25,92,2205.5,65,2205.25,2205.5,2205.25,2205.5,7,-3,2205.25,116,2205.5,57
2016-11-30 15:44:00,15:44:02,15:44:18,116487,116606,2205.25,106,2205.5,70,2205.25,2205.5,2205.0,2205.0,73,-65,2205.0,127,2205.25,50
2016-11-30 15:45:00,15:45:06,15:45:57,116657,116871,2205.0,133,2205.25,71,2205.0,2205.25,2204.75,2204.75,103,-29,2204.75,119,2205.0,13
2016-11-30 15:46:00,15:46:03,15:46:32,116986,117237,2204.75,63,2205.0,84,2205.0,2205.0,2204.75,2205.0,149,45,2204.75,134,2205.25,179
2016-11-30 15:47:00,15:47:02,15:47:51,117336,117667,2204.75,59,2205.0,78,2204.75,2205.0,2204.75,2205.0,49,15,2205.0,59,2205.25,86
2016-11-30 15:48:00,15:48:01,15:48:52,117691,117752,2205.0,83,2205.25,79,2205.0,2205.25,2205.0,2205.25,11,5,2205.0,74,2205.25,136
2016-11-30 15:49:00,15:49:02,15:49:38,117757,118008,2205.0,74,2205.25,136,2205.0,2205.0,2205.0,2205.0,87,-45,2204.75,168,2205.25,196
2016-11-30 15:50:00,15:50:00,15:50:49,118065,118233,2205.0,13,2205.25,176,2205.0,2205.0,2204.75,2204.75,49,-43,2204.75,76,2205.0,61
2016-11-30 15:51:00,15:51:03,15:51:54,118255,118597,2204.75,48,2205.0,76,2204.75,2205.0,2204.5,2205.0,139,51,2204.75,49,2205.0,4
2016-11-30 15:52:00,15:52:13,15:52:52,118648,119040,2204.75,104,2205.0,14,2205.0,2205.25,2204.75,2205.25,65,19,2205.0,23,2205.25,161
2016-11-30 15:53:00,15:53:02,15:53:59,119105,119583,2205.0,29,2205.25,164,2205.0,2205.25,2205.0,2205.0,409,217,2205.0,45,2205.25,73
2016-11-30 15:54:00,15:54:02,15:54:56,119592,119786,2205.0,44,2205.25,82,2205.0,2205.5,2205.0,2205.5,151,95,2205.25,138,2205.5,167
2016-11-30 15:55:00,15:55:01,15:55:56,119797,119953,2205.25,146,2205.5,130,2205.25,2205.5,2205.25,2205.5,32,-12,2205.25,144,2205.5,96
2016-11-30 15:56:00,15:56:02,15:56:58,119981,120209,2205.25,139,2205.5,107,2205.5,2205.5,2205.25,2205.5,134,98,2205.5,71,2205.75,198
2016-11-30 15:57:00,15:57:06,15:57:57,120220,120658,2205.5,67,2205.75,193,2205.5,2205.75,2205.25,2205.5,142,-84,2205.25,86,2205.5,117
2016-11-30 15:58:00,15:58:02,15:58:54,120681,121249,2205.25,75,2205.5,122,2205.25,2205.75,2205.25,2205.25,294,38,2205.25,80,2205.5,54
2016-11-30 15:59:00,15:59:00,15:59:59,121291,122185,2205.25,74,2205.5,56,2205.25,2205.5,2204.75,2205.25,277,9,2205.0,3,2205.25,143
2016-11-30 16:00:00,16:00:00,16:00:57,122209,125523,2205.0,9,2205.25,161,2205.0,2205.25,2204.75,2205.25,247,-15,2205.25,39,2205.5,220
2016-11-30 16:01:00,16:01:00,16:01:58,125595,127258,2205.0,155,2205.25,1,2205.25,2205.25,2204.75,2205.0,229,-25,2204.75,145,2205.0,2
2016-11-30 16:02:00,16:02:01,16:02:58,127352,130130,2204.75,42,2205.0,148,2204.75,2204.75,2204.5,2204.5,290,-16,2204.25,165,2204.5,1
2016-11-30 16:03:00,16:03:01,16:03:54,130244,132213,2204.25,147,2204.5,22,2204.5,2204.75,2204.0,2204.75,491,41,2204.5,129,2205.0,160
2016-11-30 16:04:00,16:04:00,16:04:58,132393,133837,2204.75,132,2205.0,64,2204.75,2205.75,2204.75,2205.75,443,311,2205.75,156,2206.0,175
2016-11-30 16:05:00,16:05:00,16:05:59,133923,137431,2205.75,185,2206.0,161,2206.0,2206.5,2205.75,2206.25,1571,17,2206.25,4,2206.5,162
2016-11-30 16:06:00,16:06:00,16:06:59,137479,141498,2206.25,86,2206.5,119,2206.25,2206.75,2206.0,2206.25,737,-147,2206.25,33,2206.5,110
2016-11-30 16:07:00,16:07:00,16:07:58,141563,144006,2206.25,27,2206.5,108,2206.25,2206.25,2206.0,2206.0,312,14,2206.0,3,2206.0,4
2016-11-30 16:08:00,16:08:00,16:08:49,144129,146055,2205.75,157,2206.0,50,2206.0,2206.25,2206.0,2206.0,272,-10,2205.75,121,2206.0,67
2016-11-30 16:09:00,16:09:08,16:09:52,146448,147634,2205.75,136,2206.0,19,2206.0,2206.0,2205.5,2205.5,111,-37,2205.5,82,2205.75,90
2016-11-30 16:10:00,16:10:00,16:10:58,147790,149778,2205.5,123,2205.75,25,2205.75,2206.25,2205.75,2206.0,615,-89,2206.0,1,2206.0,1
2016-11-30 16:11:00,16:11:01,16:11:59,149840,151941,2205.75,182,2206.0,42,2206.0,2206.5,2205.75,2206.25,274,10,2206.25,73,2206.5,167
2016-11-30 16:12:00,16:12:00,16:12:57,151968,153315,2206.25,23,2206.5,175,2206.25,2206.25,2205.75,2205.75,182,-158,2205.5,201,2205.75,1
2016-11-30 16:13:00,16:13:04,16:13:58,153536,155672,2205.5,148,2205.75,16,2205.75,2206.0,2205.75,2205.75,240,-28,2205.75,48,2206.0,152
2016-11-30 16:14:00,16:14:00,16:14:54,155741,156680,2205.75,104,2206.0,72,2206.0,2206.0,2205.75,2205.75,153,1,2205.75,59,2206.0,108
2016-11-30 16:15:00,16:15:01,16:15:56,156769,158063,2205.75,77,2206.0,123,2205.75,2206.0,2205.25,2205.75,250,-22,2205.5,186,2205.75,1
2016-11-30 16:16:00,16:16:00,16:16:58,158205,159828,2205.5,109,2205.75,56,2205.75,2206.0,2205.5,2205.5,249,-63,2205.5,28,2205.75,174
2016-11-30 16:17:00,16:17:00,16:17:51,159893,161078,2205.5,34,2205.75,169,2205.5,2205.75,2205.25,2205.75,263,-43,2205.75,136,2206.0,85
2016-11-30 16:18:00,16:18:03,16:18:58,161159,163841,2205.75,123,2206.0,93,2205.75,2206.75,2205.75,2206.75,598,140,2206.5,77,2206.75,145
2016-11-30 16:19:00,16:19:00,16:19:57,163876,165409,2206.5,77,2206.75,137,2206.75,2206.75,2206.5,2206.75,218,30,2206.5,115,2206.75,100
2016-11-30 16:20:00,16:20:00,16:20:52,165442,167321,2206.5,146,2206.75,59,2206.75,2207.0,2206.5,2206.5,677,-165,2206.5,143,2206.75,119
2016-11-30 16:21:00,16:21:01,16:21:58,167383,167955,2206.5,145,2206.75,119,2206.75,2206.75,2206.25,2206.25,122,-106,2206.25,85,2206.5,134
2016-11-30 16:22:00,16:22:01,16:22:59,168026,169149,2206.25,48,2206.5,159,2206.25,2206.5,2206.0,2206.25,182,18,2206.25,8,2206.5,186
2016-11-30 16:23:00,16:23:10,16:23:57,169241,170404,2206.25,74,2206.5,140,2206.25,2206.5,2206.0,2206.0,254,-38,2206.0,5,2206.25,171
2016-11-30 16:24:00,16:24:03,16:24:57,170487,172606,2206.0,48,2206.25,140,2206.0,2206.75,2206.0,2206.5,441,83,2206.5,199,2206.75,48
2016-11-30 16:25:00,16:25:04,16:25:59,172619,173728,2206.5,202,2206.75,61,2206.5,2207.0,2206.5,2206.75,412,-68,2206.5,219,2207.0,183
2016-11-30 16:26:00,16:26:05,16:26:58,173936,174667,2206.5,114,2206.75,171,2206.5,2206.75,2206.25,2206.5,181,7,2206.5,76,2206.75,152
2016-11-30 16:27:00,16:27:00,16:27:39,174698,175215,2206.5,70,2206.75,170,2206.5,2206.75,2206.5,2206.5,83,-51,2206.5,85,2206.75,143
2016-11-30 16:28:00,16:28:00,16:28:59,175350,177287,2206.5,152,2206.75,111,2206.75,2206.75,2206.25,2206.25,335,-99,2206.25,3,2206.5,201
2016-11-30 16:29:00,16:29:00,16:29:59,177339,179161,2206.0,186,2206.25,13,2206.25,2206.5,2206.0,2206.25,229,-53,2206.25,59,2206.5,139
2016-11-30 16:30:00,16:30:00,16:30:58,179173,180559,2206.25,64,2206.5,161,2206.25,2206.5,2206.0,2206.25,255,47,2206.25,32,2206.5,178
2016-11-30 16:31:00,16:31:00,16:31:58,180593,181656,2206.25,61,2206.5,188,2206.5,2206.5,2206.0,2206.25,187,-55,2206.25,45,2206.5,163
2016-11-30 16:32:00,16:32:03,16:32:52,181787,182923,2206.0,141,2206.25,106,2206.0,2206.0,2205.5,2205.75,348,-222,2205.75,31,2206.0,175
2016-11-30 16:33:00,16:33:01,16:33:59,183030,184481,2205.75,44,2206.0,171,2205.75,2206.5,2205.75,2206.25,262,74,2206.25,18,2206.5,173
2016-11-30 16:34:00,16:34:00,16:34:57,184488,185491,2206.25,14,2206.5,174,2206.25,2206.5,2206.0,2206.25,226,0,2206.25,133,2206.5,98
2016-11-30 16:35:00,16:35:01,16:35:57,185516,187712,2206.25,150,2206.5,68,2206.5,2207.0,2206.25,2206.5,816,0,2206.5,25,2206.75,142
2016-11-30 16:36:00,16:36:00,16:36:59,187760,190952,2206.5,13,2206.75,141,2206.5,2207.5,2206.0,2207.5,1036,408,2207.25,104,2207.5,245
2016-11-30 16:37:00,16:37:00,16:37:59,190962,195668,2207.25,117,2207.5,230,2207.5,2208.0,2206.25,2206.5,1585,29,2206.5,94,2206.75,89
2016-11-30 16:38:00,16:38:00,16:38:57,195685,199075,2206.5,60,2206.75,98,2206.75,2206.75,2206.25,2206.25,425,-73,2206.25,6,2206.5,139
2016-11-30 16:39:00,16:39:05,16:39:59,199303,200603,2206.25,59,2206.5,84,2206.5,2206.75,2206.25,2206.5,193,25,2206.5,120,2206.75,101
2016-11-30 16:40:00,16:40:00,16:40:53,200612,201888,2206.5,117,2206.75,101,2206.5,2206.75,2206.25,2206.5,286,-90,2206.5,57,2206.75,118
2016-11-30 16:41:00,16:41:05,16:41:48,201934,202869,2206.5,131,2206.75,99,2206.5,2206.75,2206.25,2206.5,338,-108,2206.25,45,2206.5,121
2016-11-30 16:42:00,16:42:00,16:42:51,202980,204376,2206.25,32,2206.5,124,2206.25,2206.75,2206.25,2206.75,243,55,2206.5,105,2206.75,97
2016-11-30 16:43:00,16:43:02,16:43:57,204478,206421,2206.5,53,2206.75,127,2206.5,2207.75,2206.5,2207.25,1035,293,2207.0,165,2207.25,60
2016-11-30 16:44:00,16:44:02,16:44:55,206529,207848,2207.0,126,2207.25,103,2207.0,2207.25,2207.0,2207.25,270,-50,2207.0,52,2207.25,131
2016-11-30 16:45:00,16:45:00,16:45:58,207874,209253,2207.0,37,2207.25,140,2207.25,2207.5,2207.0,2207.5,262,112,2207.25,191,2207.5,4
2016-11-30 16:46:00,16:46:00,16:46:58,209344,212423,2207.25,120,2207.5,55,2207.5,2208.75,2207.5,2208.5,2611,575,2208.25,127,2208.5,74
2016-11-30 16:47:00,16:47:00,16:47:59,212451,214193,2208.25,127,2208.5,88,2208.5,2208.5,2208.0,2208.0,309,71,2208.0,136,2208.25,116
2016-11-30 16:48:00,16:48:00,16:48:59,214232,215813,2208.0,150,2208.25,96,2208.0,2208.5,2208.0,2208.25,377,35,2208.25,1,2208.5,217
2016-11-30 16:49:00,16:49:05,16:49:59,215933,217735,2208.0,153,2208.25,19,2208.25,2208.5,2208.25,2208.5,203,-67,2208.25,125,2208.5,90
2016-11-30 16:50:00,16:50:03,16:50:58,217806,220584,2208.25,76,2208.5,143,2208.25,2208.5,2208.0,2208.0,318,-64,2207.75,110,2208.0,61
2016-11-30 16:51:00,16:51:02,16:51:59,220656,222043,2207.75,113,2208.0,111,2207.75,2208.75,2207.75,2208.5,595,347,2208.25,150,2208.75,285
2016-11-30 16:52:00,16:52:00,16:52:46,222102,223161,2208.25,134,2208.5,2,2208.5,2208.5,2207.5,2207.75,407,-145,2207.75,3,2208.0,182
2016-11-30 16:53:00,16:53:00,16:53:59,223284,224507,2207.75,34,2208.0,119,2207.75,2208.0,2207.5,2208.0,268,40,2207.75,78,2208.0,16
2016-11-30 16:54:00,16:54:01,16:54:53,224571,225108,2207.75,84,2208.0,7,2208.0,2208.0,2207.75,2207.75,116,-14,2207.75,60,2208.0,84
2016-11-30 16:55:00,16:55:02,16:55:54,225150,226094,2207.75,64,2208.0,81,2207.75,2208.25,2207.75,2208.0,283,-11,2207.75,100,2208.0,31
2016-11-30 16:56:00,16:56:00,16:56:58,226299,227609,2207.75,125,2208.0,39,2207.75,2208.0,2207.75,2207.75,154,16,2207.5,123,2207.75,27
2016-11-30 16:57:00,16:57:06,16:57:59,227676,228909,2207.5,142,2207.75,28,2207.5,2207.75,2207.5,2207.75,205,-101,2207.5,142,2207.75,5
2016-11-30 16:58:00,16:58:05,16:58:59,229110,230212,2207.5,27,2207.75,108,2207.75,2208.0,2207.75,2207.75,309,197,2207.75,47,2208.0,154
2016-11-30 16:59:00,16:59:01,16:59:57,230268,231307,2207.75,85,2208.0,99,2207.75,2208.0,2207.75,2207.75,187,27,2207.75,92,2208.0,131
2016-11-30 17:00:00,17:00:00,17:00:53,231355,233053,2207.75,68,2208.0,145,2207.75,2208.0,2207.5,2207.75,276,-50,2207.5,149,2207.75,7
2016-11-30 17:01:00,17:01:02,17:01:58,233186,235190,2207.5,114,2207.75,96,2207.5,2208.0,2207.5,2208.0,287,101,2207.75,58,2208.0,106
2016-11-30 17:02:00,17:02:05,17:02:49,235258,236349,2207.75,66,2208.0,93,2208.0,2208.0,2207.5,2207.75,241,41,2207.75,1,2208.0,168
2016-11-30 17:03:00,17:03:00,17:03:57,236646,238946,2207.75,85,2208.0,83,2208.0,2208.0,2207.0,2207.0,542,-220,2207.0,113,2207.25,131
2016-11-30 17:04:00,17:04:01,17:04:59,239070,241953,2207.0,102,2207.25,132,2207.0,2208.0,2207.0,2208.0,675,-13,2208.0,2,2208.25,182
2016-11-30 17:05:00,17:05:00,17:05:59,242000,246460,2207.75,169,2208.0,11,2208.0,2208.75,2208.0,2208.5,937,163,2208.5,2,2208.75,201
2016-11-30 17:06:00,17:06:03,17:06:51,246546,247965,2208.5,22,2208.75,168,2208.5,2208.5,2208.25,2208.25,239,-147,2208.0,158,2208.25,25
2016-11-30 17:07:00,17:07:00,17:07:59,248028,249531,2208.0,121,2208.25,97,2208.25,2208.25,2207.75,2207.75,292,-86,2207.75,5,2208.0,145
2016-11-30 17:08:00,17:08:00,17:08:50,249566,250774,2207.75,24,2208.0,133,2208.0,2208.0,2207.75,2208.0,279,53,2207.75,110,2208.0,56
2016-11-30 17:09:00,17:09:01,17:09:53,250910,252114,2207.75,25,2208.0,105,2207.75,2207.75,2207.25,2207.5,245,-87,2207.25,113,2207.5,224
2016-11-30 17:10:00,17:10:04,17:10:52,252219,252616,2207.25,118,2207.5,216,2207.25,2207.5,2207.25,2207.5,46,-42,2207.25,84,2207.5,234
2016-11-30 17:11:00,17:11:03,17:11:57,252697,253791,2207.25,84,2207.5,238,2207.5,2207.75,2207.0,2207.5,482,-92,2207.25,165,2207.5,2
2016-11-30 17:12:00,17:12:23,17:12:59,253985,254380,2207.25,78,2207.5,124,2207.5,2207.5,2207.0,2207.25,201,-73,2207.0,156,2207.25,84
2016-11-30 17:13:00,17:13:02,17:13:58,254400,255204,2207.0,153,2207.25,72,2207.0,2207.25,2207.0,2207.25,111,41,2207.25,67,2207.5,148
2016-11-30 17:14:00,17:14:01,17:14:56,255270,257875,2207.25,38,2207.5,172,2207.25,2207.5,2207.0,2207.25,282,46,2207.25,23,2207.5,166
2016-11-30 17:15:00,17:15:01,17:15:59,258031,262916,2207.25,113,2207.5,67,2207.5,2208.5,2207.25,2208.25,838,268,2208.0,118,2208.25,45
2016-11-30 17:16:00,17:16:00,17:16:59,262949,264908,2208.0,127,2208.25,15,2208.0,2208.25,2207.75,2207.75,389,31,2207.5,159,2207.75,19
2016-11-30 17:17:00,17:17:00,17:17:57,264931,267174,2207.5,140,2207.75,47,2207.5,2208.25,2207.25,2207.25,680,-16,2207.25,107,2207.5,87
2016-11-30 17:18:00,17:18:00,17:18:56,267244,269086,2207.25,66,2207.5,120,2207.25,2208.0,2207.0,2207.25,558,66,2207.0,159,2207.25,73
2016-11-30 17:19:00,17:19:03,17:19:59,269109,269895,2207.0,162,2207.25,65,2207.0,2207.5,2207.0,2207.25,200,4,2207.0,174,2207.25,21
2016-11-30 17:20:00,17:20:00,17:20:59,269945,271580,2207.0,169,2207.25,52,2207.0,2207.5,2207.0,2207.5,564,76,2207.25,88,2207.5,112
2016-11-30 17:21:00,17:21:08,17:21:59,271632,273077,2207.25,110,2207.5,40,2207.5,2208.25,2207.25,2208.0,799,121,2208.0,135,2208.25,57
2016-11-30 17:22:00,17:22:00,17:22:59,273085,274333,2208.0,131,2208.25,57,2208.0,2208.25,2207.5,2207.75,276,-70,2207.75,2,2208.0,141
2016-11-30 17:23:00,17:23:08,17:23:59,274495,276014,2207.75,126,2208.0,76,2208.0,2208.25,2208.0,2208.25,190,108,2208.0,105,2208.25,42
2016-11-30 17:24:00,17:24:00,17:24:50,276035,276768,2208.0,117,2208.25,18,2208.0,2208.5,2208.0,2208.25,142,-32,2208.0,147,2208.25,48
2016-11-30 17:25:00,17:25:00,17:25:58,276880,277687,2208.0,132,2208.25,77,2208.25,2208.25,2208.0,2208.0,108,70,2208.0,123,2208.25,86
2016-11-30 17:26:00,17:26:00,17:26:58,277700,279030,2208.0,122,2208.25,101,2208.25,2208.25,2207.5,2208.0,291,-95,2207.75,86,2208.0,102
2016-11-30 17:27:00,17:27:02,17:27:58,279104,279699,2207.75,57,2208.0,120,2207.75,2207.75,2207.5,2207.75,69,9,2207.5,160,2207.75,44
2016-11-30 17:28:00,17:28:00,17:28:58,279722,280743,2207.5,162,2207.75,33,2207.75,2208.0,2207.5,2207.5,169,-43,2207.5,52,2207.75,124
2016-11-30 17:29:00,17:29:00,17:29:59,280801,282843,2207.5,90,2207.75,112,2207.5,2207.5,2206.75,2207.25,392,-36,2207.0,59,2207.25,116
2016-11-30 17:30:00,17:30:01,17:30:58,282916,285368,2207.0,45,2207.25,132,2207.0,2207.25,2206.25,2207.0,725,-171,2206.75,69,2207.0,125
2016-11-30 17:31:00,17:31:00,17:31:59,285401,287564,2206.75,116,2207.0,107,2206.75,2207.25,2206.75,2206.75,420,34,2206.75,50,2207.0,110
2016-11-30 17:32:00,17:32:02,17:32:58,287613,288864,2206.75,87,2207.0,99,2206.75,2207.0,2206.25,2206.5,246,-82,2206.5,62,2206.75,155
2016-11-30 17:33:00,17:33:00,17:33:58,288870,290506,2206.5,63,2206.75,154,2206.5,2207.0,2206.25,2206.25,241,-65,2206.25,140,2206.5,37
2016-11-30 17:34:00,17:34:00,17:34:58,290543,292162,2206.25,92,2206.5,98,2206.5,2206.75,2206.25,2206.75,214,74,2206.5,120,2206.75,92
2016-11-30 17:35:00,17:35:01,17:35:58,292221,293830,2206.5,133,2206.75,67,2206.5,2206.75,2206.5,2206.5,314,48,2206.5,99,2206.75,32
2016-11-30 17:36:00,17:36:00,17:36:58,293903,295512,2206.5,80,2206.75,120,2206.5,2207.0,2206.25,2207.0,265,9,2206.75,94,2207.0,118
2016-11-30 17:37:00,17:37:02,17:37:56,295538,296683,2206.75,85,2207.0,122,2206.75,2207.0,2206.25,2206.5,133,-23,2206.5,1,2206.75,185
2016-11-30 17:38:00,17:38:01,17:38:56,296848,298006,2206.5,43,2206.75,132,2206.75,2207.0,2206.5,2207.0,185,83,2206.75,152,2207.0,19
2016-11-30 17:39:00,17:39:01,17:39:52,298073,299584,2206.75,102,2207.0,83,2207.0,2207.0,2206.0,2206.5,539,-259,2206.25,177,2206.5,47
2016-11-30 17:40:00,17:40:00,17:40:59,299696,301288,2206.25,157,2206.5,75,2206.5,2207.0,2206.25,2206.5,254,44,2206.5,153,2206.75,58
2016-11-30 17:41:00,17:41:01,17:41:58,301301,302451,2206.5,153,2206.75,49,2206.75,2206.75,2206.25,2206.25,239,-59,2206.25,143,2206.5,18
2016-11-30 17:42:00,17:42:02,17:42:58,302545,303800,2206.25,150,2206.5,15,2206.5,2207.0,2206.25,2206.75,386,168,2206.75,6,2207.0,213
2016-11-30 17:43:00,17:43:00,17:43:57,303827,306083,2206.75,12,2207.0,206,2206.75,2206.75,2206.25,2206.5,345,27,2206.25,75,2206.5,115
2016-11-30 17:44:00,17:44:02,17:44:55,306173,309275,2206.25,62,2206.5,114,2206.25,2206.5,2206.0,2206.0,494,48,2205.75,197,2206.25,219
2016-11-30 17:45:00,17:45:03,17:45:59,309596,312554,2206.0,76,2206.25,109,2206.0,2206.0,2205.25,2205.5,840,-264,2205.5,69,2205.75,115
2016-11-30 17:46:00,17:46:04,17:46:59,312668,314518,2205.5,168,2205.75,47,2205.5,2205.75,2205.5,2205.75,316,40,2205.5,196,2205.75,57
2016-11-30 17:47:00,17:47:02,17:47:57,314568,315756,2205.5,197,2205.75,38,2205.75,2205.75,2205.25,2205.25,339,-209,2205.25,88,2205.5,156
2016-11-30 17:48:00,17:48:00,17:48:45,315765,317159,2205.25,84,2205.5,159,2205.25,2205.5,2205.0,2205.25,275,-101,2205.25,51,2205.5,209
2016-11-30 17:49:00,17:49:04,17:49:59,317309,317996,2205.25,142,2205.5,169,2205.25,2205.75,2205.25,2205.75,194,188,2205.75,73,2206.0,184
2016-11-30 17:50:00,17:50:23,17:50:57,318091,318746,2205.75,73,2206.0,172,2205.75,2205.75,2205.5,2205.75,159,-21,2205.75,73,2206.0,163
2016-11-30 17:51:00,17:51:11,17:51:59,318878,319734,2205.75,116,2206.0,159,2206.0,2206.25,2205.75,2206.0,257,111,2205.75,149,2206.0,49
2016-11-30 17:52:00,17:52:03,17:52:50,319791,320769,2205.75,146,2206.0,5,2205.75,2206.25,2205.75,2206.0,141,-13,2205.75,152,2206.0,5
2016-11-30 17:53:00,17:53:07,17:53:58,320959,321957,2205.75,37,2206.0,142,2205.75,2206.0,2205.5,2206.0,162,-12,2205.75,168,2206.0,4
2016-11-30 17:54:00,17:54:00,17:54:58,322009,323315,2206.0,29,2206.25,190,2206.0,2206.25,2205.75,2206.25,208,30,2206.0,112,2206.25,93
2016-11-30 17:55:00,17:55:00,17:55:57,323327,323960,2206.0,107,2206.25,84,2206.25,2206.25,2205.75,2205.75,167,-67,2205.75,4,2206.0,158
2016-11-30 17:56:00,17:56:00,17:56:45,324014,324395,2205.75,26,2206.0,145,2206.0,2206.0,2205.75,2205.75,41,31,2205.75,91,2206.0,127
2016-11-30 17:57:00,17:57:02,17:57:59,324532,324972,2205.75,95,2206.0,115,2205.75,2205.75,2205.5,2205.75,50,-44,2205.5,126,2205.75,83
2016-11-30 17:58:00,17:58:00,17:58:50,325002,325557,2205.5,150,2205.75,55,2205.5,2206.0,2205.5,2206.0,74,54,2205.75,128,2206.25,160
2016-11-30 17:59:00,17:59:01,17:59:59,325621,326266,2205.75,115,2206.0,29,2206.0,2206.25,2206.0,2206.25,201,-17,2206.0,61,2206.25,105
2016-11-30 18:00:00,18:00:00,18:00:58,326268,327787,2206.0,56,2206.25,105,2206.25,2206.25,2205.0,2205.0,482,-196,2205.0,169,2205.25,119
2016-11-30 18:01:00,18:01:00,18:01:59,327793,329082,2205.0,168,2205.25,118,2205.0,2205.5,2205.0,2205.0,286,104,2205.0,185,2205.25,104
2016-11-30 18:02:00,18:02:00,18:02:58,329092,330971,2205.0,182,2205.25,109,2205.0,2205.25,2204.5,2204.75,887,-229,2204.5,127,2204.75,84
2016-11-30 18:03:00,18:03:00,18:03:48,331007,332079,2204.5,151,2204.75,14,2204.5,2205.0,2204.5,2204.75,161,-63,2204.5,137,2204.75,26
2016-11-30 18:04:00,18:04:00,18:04:57,332214,333530,2204.5,84,2204.75,126,2204.5,2204.5,2204.25,2204.5,240,-80,2204.25,91,2204.5,107
2016-11-30 18:05:00,18:05:00,18:05:54,333575,335280,2204.25,93,2204.5,109,2204.25,2204.75,2204.25,2204.5,332,56,2204.5,89,2204.75,146
2016-11-30 18:06:00,18:06:01,18:06:54,335384,336220,2204.5,151,2204.75,83,2204.5,2205.0,2204.5,2205.0,128,20,2204.75,74,2205.0,212
2016-11-30 18:07:00,18:07:02,18:07:57,336243,337106,2204.75,87,2205.0,215,2204.75,2205.25,2204.75,2205.25,254,140,2205.0,127,2205.25,162
2016-11-30 18:08:00,18:08:00,18:08:57,337198,338853,2205.0,27,2205.25,228,2205.0,2205.0,2204.5,2205.0,253,-61,2204.75,62,2205.0,199
2016-11-30 18:09:00,18:09:00,18:09:58,338928,339958,2204.75,101,2205.0,170,2204.75,2205.0,2204.75,2205.0,170,22,2205.0,3,2205.25,217
2016-11-30 18:10:00,18:10:08,18:10:57,340075,341182,2205.0,330,2205.25,168,2205.25,2205.25,2204.75,2205.0,735,-115,2205.0,9,2205.25,328
2016-11-30 18:11:00,18:11:00,18:11:43,341357,342222,2205.0,12,2205.25,332,2205.0,2205.0,2204.75,2204.75,166,-122,2204.75,37,2205.0,269
2016-11-30 18:12:00,18:12:00,18:12:38,342520,343572,2204.75,90,2205.0,164,2204.75,2205.5,2204.75,2205.5,357,165,2205.25,131,2205.5,75
2016-11-30 18:13:00,18:13:00,18:13:58,343833,344681,2205.25,64,2205.5,172,2205.25,2205.75,2205.25,2205.5,131,27,2205.5,44,2205.75,207
2016-11-30 18:14:00,18:14:17,18:14:55,344881,346025,2205.5,43,2205.75,324,2205.5,2206.0,2205.25,2206.0,349,-91,2205.75,39,2206.0,191
2016-11-30 18:15:00,18:15:00,18:15:38,346135,346826,2205.75,74,2206.0,154,2206.0,2206.25,2205.75,2205.75,116,50,2205.75,98,2206.0,137
2016-11-30 18:16:00,18:16:00,18:16:58,347025,348204,2205.75,127,2206.0,33,2206.0,2206.0,2205.5,2205.5,346,-104,2205.25,184,2205.5,2
2016-11-30 18:17:00,18:17:01,18:17:57,348354,349594,2205.25,172,2205.5,25,2205.5,2205.75,2205.5,2205.75,176,86,2205.5,137,2206.0,226
2016-11-30 18:18:00,18:18:00,18:18:47,349644,350178,2205.75,27,2206.0,193,2205.75,2205.75,2205.5,2205.75,211,-11,2205.75,1,2206.0,174
2016-11-30 18:19:00,18:19:20,18:19:49,350436,351001,2205.75,96,2206.0,102,2205.75,2206.25,2205.75,2206.0,173,103,2205.75,55,2206.0,118
2016-11-30 18:20:00,18:20:02,18:20:51,351092,351689,2205.75,62,2206.0,129,2206.0,2206.25,2206.0,2206.0,106,-18,2205.75,88,2206.0,82
2016-11-30 18:21:00,18:21:02,18:21:53,351752,352125,2205.75,99,2206.0,95,2206.0,2206.25,2206.0,2206.25,117,117,2206.0,203,2206.25,108
2016-11-30 18:22:00,18:22:00,18:22:59,352166,353103,2206.0,203,2206.25,94,2206.0,2206.5,2206.0,2206.25,157,79,2206.25,123,2206.5,276
2016-11-30 18:23:00,18:23:01,18:23:55,353122,353680,2206.25,131,2206.5,274,2206.25,2206.5,2206.0,2206.5,234,78,2206.25,88,2206.5,239
2016-11-30 18:24:00,18:24:03,18:24:57,353784,354890,2206.25,141,2206.5,211,2206.25,2206.75,2206.0,2206.0,490,-10,2205.75,127,2206.0,114
2016-11-30 18:25:00,18:25:03,18:25:54,354915,355964,2205.75,122,2206.0,141,2205.75,2206.5,2205.75,2206.25,287,153,2206.0,180,2206.25,134
2016-11-30 18:26:00,18:26:03,18:26:56,356040,357133,2206.0,223,2206.25,94,2206.0,2206.5,2206.0,2206.5,315,161,2206.5,7,2206.75,228
2016-11-30 18:27:00,18:27:00,18:27:58,357347,358739,2206.5,137,2206.75,127,2206.75,2206.75,2206.5,2206.5,363,-5,2206.5,11,2206.75,223
2016-11-30 18:28:00,18:28:04,18:28:59,358871,360198,2206.5,117,2206.75,112,2206.5,2207.0,2206.25,2207.0,287,23,2206.75,109,2207.0,92
2016-11-30 18:29:00,18:29:00,18:29:59,360248,361176,2206.75,115,2207.0,77,2206.75,2207.25,2206.75,2206.75,270,-60,2206.5,232,2206.75,74
2016-11-30 18:30:00,18:30:00,18:30:59,361343,364343,2206.5,160,2206.75,159,2206.75,2207.25,2206.75,2207.0,571,151,2207.0,123,2207.25,103
2016-11-30 18:31:00,18:31:00,18:31:56,364435,366060,2207.0,77,2207.25,164,2207.0,2207.5,2207.0,2207.25,255,-29,2207.0,59,2207.25,168
2016-11-30 18:32:00,18:32:00,18:32:57,366126,368057,2207.0,96,2207.25,131,2207.0,2207.25,2206.75,2206.75,425,-41,2206.5,116,2206.75,37
2016-11-30 18:33:00,18:33:00,18:33:55,368127,369704,2206.5,97,2206.75,105,2206.5,2206.75,2206.25,2206.25,239,7,2206.25,143,2206.5,77
2016-11-30 18:34:00,18:34:00,18:34:56,369760,371366,2206.25,111,2206.5,98,2206.25,2206.75,2206.25,2206.5,321,-31,2206.5,28,2206.75,132
2016-11-30 18:35:00,18:35:00,18:35:59,371425,372172,2206.5,83,2206.75,104,2206.5,2206.75,2206.25,2206.5,113,-27,2206.25,211,2206.75,174
2016-11-30 18:36:00,18:36:04,18:36:54,372285,373616,2206.5,76,2206.75,109,2206.5,2207.5,2206.5,2207.25,671,241,2207.0,233,2207.5,271
2016-11-30 18:37:00,18:37:00,18:37:56,373670,374940,2207.0,196,2207.25,59,2207.0,2207.0,2206.75,2206.75,207,-41,2206.5,137,2206.75,46
2016-11-30 18:38:00,18:38:00,18:38:57,374988,375810,2206.5,122,2206.75,73,2206.5,2206.75,2206.5,2206.75,143,27,2206.5,114,2206.75,92
2016-11-30 18:39:00,18:39:02,18:39:54,375856,376730,2206.5,152,2206.75,83,2206.75,2206.75,2206.5,2206.75,157,49,2206.5,68,2206.75,61
2016-11-30 18:40:00,18:40:00,18:40:56,376863,378087,2206.5,99,2206.75,90,2206.5,2206.75,2206.25,2206.75,346,38,2206.75,6,2207.0,165
2016-11-30 18:41:00,18:41:00,18:41:59,378147,378804,2206.75,56,2207.0,131,2206.75,2207.0,2206.5,2206.75,91,-47,2206.75,13,2207.0,185
2016-11-30 18:42:00,18:42:00,18:42:53,378879,379266,2206.75,90,2207.0,105,2206.75,2206.75,2206.75,2206.75,32,-28,2206.75,64,2207.0,128
2016-11-30 18:43:00,18:43:01,18:43:57,379299,380283,2206.75,107,2207.0,109,2206.75,2206.75,2206.5,2206.75,166,-34,2206.5,167,2206.75,10
2016-11-30 18:44:00,18:44:03,18:44:53,380372,380723,2206.5,132,2206.75,38,2206.5,2206.75,2206.5,2206.5,91,-67,2206.5,18,2206.75,116
2016-11-30 18:45:00,18:45:04,18:45:52,380768,381256,2206.5,81,2206.75,105,2206.5,2206.75,2206.5,2206.5,136,70,2206.5,107,2206.75,72
2016-11-30 18:46:00,18:46:02,18:46:56,381337,383858,2206.5,133,2206.75,21,2206.75,2207.5,2206.75,2207.25,442,242,2207.25,118,2207.5,85
2016-11-30 18:47:00,18:47:09,18:47:52,383909,384782,2207.25,118,2207.5,90,2207.25,2207.5,2207.0,2207.25,234,-26,2207.0,118,2207.25,56
2016-11-30 18:48:00,18:48:04,18:48:58,384891,386018,2207.0,123,2207.25,31,2207.25,2207.5,2206.75,2206.75,507,-187,2206.75,205,2207.0,42
2016-11-30 18:49:00,18:49:05,18:49:58,386051,387017,2206.75,197,2207.0,86,2206.75,2207.0,2206.75,2206.75,163,-1,2206.75,45,2207.0,102
2016-11-30 18:50:00,18:50:03,18:50:55,387120,387629,2206.75,55,2207.0,106,2206.75,2207.0,2206.75,2207.0,60,12,2206.75,43,2207.0,117
2016-11-30 18:51:00,18:51:00,18:51:43,387677,388441,2206.75,46,2207.0,117,2206.75,2206.75,2206.25,2206.5,148,-14,2206.5,86,2206.75,97
2016-11-30 18:52:00,18:52:01,18:52:59,388545,389294,2206.5,120,2206.75,79,2206.5,2207.0,2206.5,2206.75,238,38,2206.75,38,2207.0,158
2016-11-30 18:53:00,18:53:00,18:53:55,389299,390011,2206.75,39,2207.0,153,2206.75,2207.0,2206.5,2206.5,146,18,2206.5,118,2206.75,48
2016-11-30 18:54:00,18:54:00,18:54:50,390080,391247,2206.5,141,2206.75,25,2206.75,2207.0,2206.25,2206.75,254,60,2206.5,156,2206.75,46
2016-11-30 18:55:00,18:55:05,18:55:56,391413,391881,2206.5,84,2206.75,128,2206.75,2206.75,2206.5,2206.5,120,16,2206.25,187,2206.5,24
2016-11-30 18:56:00,18:56:02,18:56:57,391933,392379,2206.25,189,2206.5,56,2206.25,2206.75,2206.25,2206.5,84,42,2206.5,110,2206.75,105
2016-11-30 18:57:00,18:57:00,18:57:57,392448,393798,2206.5,35,2206.75,159,2206.5,2206.75,2206.25,2206.25,297,-91,2206.25,117,2206.5,107
2016-11-30 18:58:00,18:58:04,18:58:54,393952,396368,2206.25,112,2206.5,110,2206.25,2206.25,2205.75,2205.75,483,-203,2205.75,111,2206.0,95
2016-11-30 18:59:00,18:59:01,18:59:59,396512,397947,2205.75,155,2206.0,69,2205.75,2206.0,2205.75,2206.0,268,-26,2205.75,205,2206.25,180
